id,rating_numerator,name,retweet_count,favorite_count,type,p1_dog,display_text_range,created_date,created_time
892177421306343426,13,Tilly,5280,29230,Chihuahua,True,138,2017-08-01,0
891815181378084864,12,Archie,3466,21974,Chihuahua,True,121,2017-07-31,0
891327558926688256,12,Franklin,7723,35168,basset,True,138,2017-07-29,16
890971913173991426,13,Jax,1649,10323,Appenzeller,True,140,2017-07-28,16
890609185150312448,13,Zoey,3605,24433,Irish_terrier,True,122,2017-07-27,16
890240255349198849,14,Cassie,6078,27848,Pembroke,True,133,2017-07-26,15
890006608113172480,13,Koda,6120,26953,Samoyed,True,130,2017-07-26,0
889880896479866881,13,Bruno,4142,24495,French_bulldog,True,107,2017-07-25,16
889638837579907072,12,Ted,3702,23572,French_bulldog,True,91,2017-07-25,0
889531135344209921,13,Stuart,1874,13304,golden_retriever,True,118,2017-07-24,17
889278841981685760,13,Oliver,4426,22014,whippet,True,138,2017-07-24,0
888917238123831296,12,Jim,3746,25516,golden_retriever,True,86,2017-07-23,0
888804989199671297,13,Zeke,3517,22385,golden_retriever,True,128,2017-07-22,16
888554962724278272,13,Ralphus,2868,17252,Siberian_husky,True,87,2017-07-22,0
888078434458587136,12,Gerald,2886,19093,French_bulldog,True,127,2017-07-20,16
887705289381826560,13,Jeffrey,4521,26528,basset,True,127,2017-07-19,16
887473957103951883,13,Canela,14970,59970,Pembroke,True,99,2017-07-19,0
886983233522544640,13,Maya,6294,30256,Chihuahua,True,101,2017-07-17,16
886736880519319552,13,Mingus,2619,10457,kuvasz,True,121,2017-07-16,23
886366144734445568,12,Roscoe,2613,18495,French_bulldog,True,131,2017-07-15,23
886258384151887873,13,Waffles,5260,24443,pug,True,94,2017-07-15,16
885984800019947520,12,Jimbo,5591,28490,Blenheim_spaniel,True,140,2017-07-14,22
885528943205470208,13,Maisey,5309,31498,pug,True,109,2017-07-13,15
884925521741709313,12,Earl,14953,66954,Italian_greyhound,True,93,2017-07-12,0
884876753390489601,13,Lola,4644,24294,chow,True,118,2017-07-11,20
884562892145688576,13,Kevin,3897,21239,pug,True,66,2017-07-11,0
884162670584377345,12,Yogi,2493,17895,German_shepherd,True,140,2017-07-09,21
883838122936631299,12,Noah,2849,19084,Doberman,True,137,2017-07-09,0
883482846933004288,5,Bella,8231,40047,golden_retriever,True,112,2017-07-08,0
883360690899218434,13,Grizzwald,3061,19883,chow,True,139,2017-07-07,16
882992080364220416,13,Rusty,3231,20912,Eskimo_dog,True,108,2017-07-06,15
882762694511734784,12,Gus,4080,24697,Labrador_retriever,True,114,2017-07-06,0
882627270321602560,13,Stanley,5046,24520,Pembroke,True,136,2017-07-05,15
882268110199369728,13,Alfy,9588,39058,golden_retriever,True,114,2017-07-04,16
881906580714921986,12,Rey,2842,21379,Weimaraner,True,67,2017-07-03,16
881666595344535552,13,Gary,8921,44402,Saluki,True,115,2017-07-03,0
881536004380872706,14,a,13354,43298,Samoyed,True,130,2017-07-02,15
880465832366813184,12,Bella,5197,24930,golden_retriever,True,114,2017-06-29,16
880221127280381952,12,Jesse,3452,23576,Chihuahua,True,108,2017-06-29,0
879862464715927552,13,Romeo,2916,19644,basset,True,91,2017-06-28,0
879492040517615616,12,Bailey,2622,20642,German_short-haired_pointer,True,90,2017-06-27,0
879415818425184262,13,Duddles,37255,92496,English_springer,True,82,2017-06-26,19
879008229531029506,13,Beau,2233,16722,vizsla,True,94,2017-06-25,16
878776093423087618,13,Snoopy,3422,17072,Italian_greyhound,True,126,2017-06-25,0
878281511006478336,13,Shadow,1071,6759,basset,True,140,2017-06-23,16
878057613040115712,14,Emmy,5715,37016,French_bulldog,True,115,2017-06-23,1
877736472329191424,13,Aja,15740,68971,Chesapeake_Bay_retriever,True,93,2017-06-22,3
877556246731214848,12,Penny,3155,19841,basset,True,139,2017-06-21,15
877316821321428993,13,Dante,4325,24058,Saluki,True,137,2017-06-21,0
877201837425926144,12,Nelly,4608,23789,Pembroke,True,128,2017-06-20,16
876838120628539392,12,Ginger,2795,18162,bloodhound,True,125,2017-06-19,16
876484053909872640,13,Benedict,1992,16513,golden_retriever,True,127,2017-06-18,16
876120275196170240,13,Venti,3891,24617,Bernese_mountain_dog,True,140,2017-06-17,16
875747767867523072,13,Goose,3567,22036,Labrador_retriever,True,125,2017-06-16,16
875144289856114688,13,Nugget,4135,19364,Siberian_husky,True,133,2017-06-15,0
874680097055178752,12,Cash,3908,24514,Labrador_retriever,True,92,2017-06-13,17
874296783580663808,13,Jed,3472,22888,cocker_spaniel,True,114,2017-06-12,16
874012996292530176,13,Sebastian,8558,30030,Cardigan,True,139,2017-06-11,21
873213775632977920,12,Sierra,1326,6297,vizsla,True,140,2017-06-09,16
872620804844003328,13,Monkey,3058,18269,cocker_spaniel,True,116,2017-06-08,1
871879754684805121,13,Lassie,9213,32970,Shetland_sheepdog,True,136,2017-06-06,0
871762521631449091,12,Rover,2959,17820,Labrador_retriever,True,134,2017-06-05,16
871515927908634625,12,Napolean,2928,17849,komondor,True,140,2017-06-04,23
871032628920680449,13,Boomer,3214,20103,kelpie,True,136,2017-06-03,15
870656317836468226,13,Cody,2192,10856,Pembroke,True,138,2017-06-02,15
870374049280663552,13,Zoey,22672,73731,golden_retriever,True,139,2017-06-01,20
870308999962521604,13,Rumble,3538,19422,Greater_Swiss_Mountain_dog,True,125,2017-06-01,16
869772420881756160,13,Dewey,8663,37895,Pembroke,True,110,2017-05-31,4
869702957897576449,13,Stanley,5366,24973,Pembroke,True,139,2017-05-30,23
869596645499047938,12,Scout,2630,14139,Chihuahua,True,139,2017-05-30,16
869227993411051520,13,Gizmo,3192,18081,Pembroke,True,127,2017-05-29,16
868552278524837888,12,Cooper,1745,8940,whippet,True,139,2017-05-27,19
867774946302451713,13,Harold,6230,30159,Border_collie,True,61,2017-05-25,16
867421006826221569,12,Shikha,2109,14298,Eskimo_dog,True,133,2017-05-24,16
866686824827068416,12,Lili,2955,17070,flat-coated_retriever,True,134,2017-05-22,16
866450705531457537,13,Jamesy,30081,108511,French_bulldog,True,106,2017-05-22,0
866334964761202691,12,Coco,12166,46444,Samoyed,True,112,2017-05-21,16
865718153858494464,13,Boomer,4820,22855,golden_retriever,True,130,2017-05-19,23
865359393868664832,13,Sammy,4273,23516,Chesapeake_Bay_retriever,True,127,2017-05-19,0
865006731092295680,13,Nelly,6640,24967,Pembroke,True,117,2017-05-18,0
864279568663928832,12,Meatball,2572,13033,bull_mastiff,True,129,2017-05-16,0
864197398364647424,13,Paisley,7560,26554,golden_retriever,True,93,2017-05-15,19
863553081350529029,13,Neptune,3617,13640,Eskimo_dog,True,91,2017-05-14,0
863432100342583297,12,Belle,4545,21232,Staffordshire_bullterrier,True,128,2017-05-13,16
863062471531167744,13,Quinn,2087,7500,French_bulldog,True,139,2017-05-12,16
862831371563274240,13,Zooey,4448,17178,Australian_terrier,True,121,2017-05-12,0
862722525377298433,11,Dave,3078,15287,basset,True,135,2017-05-11,17
861383897657036800,13,Hobbes,9238,32196,Cardigan,True,72,2017-05-08,0
861005113778896900,12,Burt,3322,14956,German_shepherd,True,96,2017-05-06,23
860563773140209665,13,Lorenzo,1851,6705,Cardigan,True,138,2017-05-05,18
860524505164394496,13,Carl,4589,21186,Bedlington_terrier,True,97,2017-05-05,16
859924526012018688,12,Milky,3573,17574,French_bulldog,True,140,2017-05-04,0
859851578198683649,13,Trooper,3061,13950,Labrador_retriever,True,137,2017-05-03,19
858471635011153920,13,Sophie,4243,19429,Pembroke,True,113,2017-04-30,0
858107933456039936,12,Wyatt,2534,14192,golden_retriever,True,137,2017-04-28,23
857989990357356544,12,Rosie,2261,14460,French_bulldog,True,134,2017-04-28,16
857746408056729600,13,Thor,9319,30718,Labrador_retriever,True,137,2017-04-28,0
857263160327368704,13,Oscar,3964,18209,Samoyed,True,134,2017-04-26,16
857029823797047296,12,Zeke,3474,16993,golden_retriever,True,100,2017-04-26,0
856543823941562368,12,Callie,2537,14795,Boston_bull,True,136,2017-04-24,16
856282028240666624,14,Cermet,5565,25157,Chihuahua,True,121,2017-04-23,23
855459453768019968,12,quite,7287,27027,Blenheim_spaniel,True,138,2017-04-21,16
854732716440526848,12,Marlee,5335,20619,Pembroke,True,113,2017-04-19,16
854482394044301312,13,Arya,6004,26505,Chihuahua,True,100,2017-04-18,23
854365224396361728,13,Einstein,4135,17162,Pembroke,True,115,2017-04-18,16
853760880890318849,12,Alice,5107,26008,miniature_pinscher,True,118,2017-04-17,0
852912242202992640,12,Benny,1594,8235,Great_Dane,True,139,2017-04-14,15
852672615818899456,12,Aspen,1906,13619,golden_retriever,True,113,2017-04-13,23
852553447878664193,13,Jarod,3103,14865,bloodhound,True,124,2017-04-13,16
850753642995093505,11,Kyle,8058,28067,pug,True,137,2017-04-08,16
850380195714523136,13,Leo,2325,12052,Yorkshire_terrier,True,140,2017-04-07,16
850019790995546112,12,Boomer,4357,18744,Shetland_sheepdog,True,93,2017-04-06,16
849412302885593088,12,Noosh,2822,14652,schipperke,True,107,2017-04-05,0
848324959059550208,12,Odin,4135,22776,malamute,True,139,2017-04-02,0
848212111729840128,6,Jerry,2712,15017,Bedlington_terrier,True,138,2017-04-01,16
847842811428974592,12,Rontu,1186,5004,Bernese_mountain_dog,True,138,2017-03-31,16
847606175596138505,12,Cannon,3078,17325,Cardigan,True,105,2017-03-31,0
847251039262605312,12,Furzey,3909,18933,Airedale,True,100,2017-03-30,0
847157206088847362,11,Daisy,5247,18344,Staffordshire_bullterrier,True,139,2017-03-29,18
846874817362120707,13,Tuck,3543,18582,Shetland_sheepdog,True,133,2017-03-29,0
846514051647705089,13,Barney,10354,41084,golden_retriever,True,131,2017-03-28,0
846153765933735936,13,Vixen,8151,29038,giant_schnauzer,True,108,2017-03-27,0
846042936437604353,12,Jarvis,2582,14788,golden_retriever,True,97,2017-03-26,16
845397057150107648,13,Mimosa,1618,7072,Dandie_Dinmont,True,140,2017-03-24,22
845306882940190720,12,Pickles,4847,21578,Irish_water_spaniel,True,75,2017-03-24,16
844973813909606400,12,Brady,2843,13905,Labrador_retriever,True,127,2017-03-23,18
844223788422217728,12,Margo,1987,12687,Labrador_retriever,True,131,2017-03-21,16
843856843873095681,12,Sadie,4165,19929,Labrador_retriever,True,137,2017-03-20,16
843604394117681152,11,Hank,2476,15661,Labrador_retriever,True,103,2017-03-19,23
843235543001513987,13,Tycho,5390,19925,Pembroke,True,118,2017-03-18,22
842846295480000512,13,Charlie,3313,14199,Labrador_retriever,True,90,2017-03-17,21
842535590457499648,13,Winnie,3171,16878,Pembroke,True,106,2017-03-17,0
842163532590374912,12,George,5252,22687,French_bulldog,True,140,2017-03-16,0
842115215311396866,12,Bentley,2755,13009,chow,True,112,2017-03-15,20
841680585030541313,12,Penny,7146,24004,Chihuahua,True,139,2017-03-14,16
841314665196081154,13,Max,4228,14721,Afghan_hound,True,127,2017-03-13,15
841077006473256960,12,Dawn,4880,21305,Brittany_spaniel,True,109,2017-03-13,0
840632337062862849,12,Maddie,1620,8412,golden_retriever,True,140,2017-03-11,18
840268004936019968,12,Monty,5204,17856,Chesapeake_Bay_retriever,True,133,2017-03-10,18
839990271299457024,13,Sojourner,2065,12505,Staffordshire_bullterrier,True,100,2017-03-10,0
839239871831150596,13,Odie,5925,25181,Leonberg,True,51,2017-03-07,22
838921590096166913,13,Arlo,1853,10402,Border_terrier,True,112,2017-03-07,1
838561493054533637,13,Walter,1230,10236,kelpie,True,139,2017-03-06,1
838476387338051585,13,Stanley,4334,20923,Great_Pyrenees,True,114,2017-03-05,19
838083903487373313,13,Daisy,2834,16428,chow,True,115,2017-03-04,17
837471256429613056,12,Vincent,2059,11961,Norwegian_elkhound,True,127,2017-03-03,1
837110210464448512,13,Clark,2176,15042,Siberian_husky,True,80,2017-03-02,1
836260088725786625,13,Lucy,3976,19909,borzoi,True,121,2017-02-27,17
835574547218894849,11,Eli,3293,16620,Staffordshire_bullterrier,True,113,2017-02-25,19
835297930240217089,12,Ash,2734,15406,Rottweiler,True,138,2017-02-25,1
834786237630337024,13,Tobi,5105,20170,Border_terrier,True,137,2017-02-23,15
834458053273591808,12,Chester,1545,9017,Rhodesian_ridgeback,True,141,2017-02-22,17
834209720923721728,12,Wilson,4318,19218,golden_retriever,True,102,2017-02-22,1
833863086058651648,12,Bentley,2208,12581,kuvasz,True,102,2017-02-21,2
833826103416520705,13,Charlie,3483,17047,Chihuahua,True,139,2017-02-20,23
833722901757046785,13,Bronte,2994,19636,West_Highland_white_terrier,True,140,2017-02-20,17
833479644947025920,13,Poppy,1882,13970,golden_retriever,True,62,2017-02-20,0
833124694597443584,12,Gidget,4436,18958,Cardigan,True,118,2017-02-19,1
832998151111966721,13,Rhino,2009,12406,boxer,True,140,2017-02-18,17
832757312314028032,13,Willow,3315,15815,Cardigan,True,135,2017-02-18,1
832636094638288896,12,Orion,2556,14863,Eskimo_dog,True,93,2017-02-17,17
832397543355072512,12,Eevee,2036,11213,Pekinese,True,129,2017-02-17,1
832369877331693569,11,Charlie,2915,16047,kelpie,True,112,2017-02-16,23
832273440279240704,14,Smiley,2140,10628,Pembroke,True,130,2017-02-16,17
832032802820481025,12,Miguel,4294,16736,whippet,True,139,2017-02-16,1
831939777352105988,12,Emanuel,5648,22446,Pomeranian,True,140,2017-02-15,18
831911600680497154,14,Kuyu,5960,25793,bloodhound,True,139,2017-02-15,17
831670449226514432,13,Daisy,1686,9770,Pembroke,True,60,2017-02-15,1
831552930092285952,13,Dutch,2157,8432,Chihuahua,True,117,2017-02-14,17
831322785565769729,12,Pete,1441,8745,Old_English_sheepdog,True,116,2017-02-14,2
831309418084069378,12,Scooter,2259,11071,Doberman,True,138,2017-02-14,1
831262627380748289,12,Tucker,1885,11126,cocker_spaniel,True,116,2017-02-13,22
830956169170665475,12,Reggie,1373,7490,kuvasz,True,60,2017-02-13,1
830583320585068544,13,Lilly,15379,62232,Labrador_retriever,True,94,2017-02-12,1
830097400375152640,13,Samson,2688,9131,toy_poodle,True,140,2017-02-10,16
829861396166877184,12,Mia,1790,11490,Border_terrier,True,113,2017-02-10,1
829501995190984704,12,Leo,9748,29821,French_bulldog,True,127,2017-02-09,1
829141528400556032,12,Malcolm,6753,22850,golden_retriever,True,114,2017-02-08,1
829011960981237760,13,Dexter,15064,50159,boxer,True,127,2017-02-07,17
828650029636317184,14,one,1233,8928,golden_retriever,True,80,2017-02-06,17
828408677031882754,12,Bear,1183,7230,Weimaraner,True,131,2017-02-06,1
828381636999917570,14,Doobert,2056,11831,Bedlington_terrier,True,122,2017-02-05,23
828376505180889089,13,Beebop,991,6969,American_Staffordshire_terrier,True,112,2017-02-05,22
828372645993398273,12,Alexander,2722,11836,malamute,True,123,2017-02-05,22
828011680017821696,11,Brutus,1981,9748,American_Staffordshire_terrier,True,124,2017-02-04,22
827933404142436356,12,Kona,4815,18795,German_shepherd,True,134,2017-02-04,17
827653905312006145,12,Boots,2788,14553,collie,True,123,2017-02-03,23
827600520311402496,13,Tucker,864,7052,Pembroke,True,139,2017-02-03,19
827324948884643840,12,Ralphie,2801,14916,golden_retriever,True,127,2017-02-03,1
827199976799354881,13,Charlie,2057,9980,Great_Dane,True,129,2017-02-02,17
826958653328592898,12,Loki,4592,20255,golden_retriever,True,73,2017-02-02,1
826848821049180160,13,Cupid,9310,33969,Great_Pyrenees,True,136,2017-02-01,17
826598365270007810,13,Pawnd,2174,9418,French_bulldog,True,75,2017-02-01,1
826476773533745153,12,Pilot,3887,17325,German_shepherd,True,132,2017-01-31,17
825829644528148480,12,Toby,2325,11985,Great_Pyrenees,True,115,2017-01-29,22
825147591692263424,13,Sweet,4164,17215,Pekinese,True,110,2017-01-28,1
825026590719483904,12,Pablo,1165,5885,Eskimo_dog,True,140,2017-01-27,17
824775126675836928,12,Scooter,3260,14019,Border_terrier,True,132,2017-01-27,0
824663926340194305,13,Wilson,1638,9917,English_setter,True,103,2017-01-26,17
823939628516474880,12,Cash,2524,10032,schipperke,True,79,2017-01-24,17
823699002998870016,12,Winston,2331,13178,cairn,True,135,2017-01-24,1
822859134160621569,12,Hobbes,2107,12414,malinois,True,122,2017-01-21,17
822489057087389700,13,Paisley,5938,17053,Samoyed,True,94,2017-01-20,17
822462944365645825,14,Gabe,13089,26203,Pomeranian,True,136,2017-01-20,15
821886076407029760,13,Jimison,2132,10647,golden_retriever,True,53,2017-01-19,1
821765923262631936,13,Duchess,1555,7879,golden_retriever,True,82,2017-01-18,17
821522889702862852,13,Harlso,1627,7550,Doberman,True,117,2017-01-18,1
821407182352777218,14,Sundance,3980,11063,Irish_setter,True,114,2017-01-17,17
821149554670182400,12,Luca,1821,8080,German_shepherd,True,62,2017-01-17,0
821044531881721856,12,Flash,2117,11909,Old_English_sheepdog,True,125,2017-01-16,17
820749716845686786,13,Sunny,9164,29731,golden_retriever,True,108,2017-01-15,21
819952236453363712,13,Oliver,1080,5008,American_Staffordshire_terrier,True,139,2017-01-13,17
819588359383371776,13,Jazzy,1865,9126,Cardigan,True,111,2017-01-12,16
819347104292290561,12,Anna,1115,6810,Rottweiler,True,121,2017-01-12,0
819227688460238848,12,Finn,6219,21732,Border_terrier,True,103,2017-01-11,17
819004803107983360,14,Bo,34444,82370,standard_poodle,True,83,2017-01-11,2
818627210458333184,13,Wafer,7040,21158,Labrador_retriever,True,70,2017-01-10,1
818614493328580609,12,Bear,2346,9273,Chihuahua,True,99,2017-01-10,0
818259473185828864,12,Florence,2074,10376,miniature_schnauzer,True,96,2017-01-09,0
818145370475810820,11,Autumn,2361,11588,golden_retriever,True,82,2017-01-08,17
817827839487737858,13,Buddy,25035,48430,cocker_spaniel,True,116,2017-01-07,20
817777686764523521,13,Dido,2515,10201,curly-coated_retriever,True,140,2017-01-07,16
817536400337801217,12,Eugene,2721,11076,pug,True,143,2017-01-07,1
817415592588222464,11,Strudel,884,5280,Doberman,True,140,2017-01-06,17
817171292965273600,13,Tebow,1859,8284,golden_retriever,True,103,2017-01-06,0
817056546584727552,11,Chloe,1510,8106,kelpie,True,107,2017-01-05,17
816816676327063552,12,Timber,1886,9443,malamute,True,91,2017-01-05,1
816697700272001025,12,Binky,2048,9210,Chihuahua,True,99,2017-01-04,17
816336735214911488,11,Dudley,1795,8148,Labrador_retriever,True,86,2017-01-03,17
816091915477250048,12,Comet,1980,8461,Pomeranian,True,91,2017-01-03,1
815990720817401858,11,Jack,943,4676,Chihuahua,True,139,2017-01-02,18
815736392542261248,11,Akumi,2109,9282,Border_collie,True,94,2017-01-02,1
815639385530101762,12,Titan,1547,7795,German_shepherd,True,100,2017-01-01,19
814986499976527872,11,Cooper,1183,7236,dalmatian,True,93,2016-12-31,0
814638523311648768,12,Olivia,2517,10661,golden_retriever,True,86,2016-12-30,1
814530161257443328,12,Alf,1735,8197,miniature_poodle,True,112,2016-12-29,17
814153002265309185,12,Oshie,8083,27163,golden_retriever,True,109,2016-12-28,16
813910438903693312,11,Chubbs,1725,8819,Siberian_husky,True,93,2016-12-28,0
813812741911748608,14,Gary,12997,34504,French_bulldog,True,139,2016-12-27,18
813800681631023104,12,Sky,1640,7864,malamute,True,66,2016-12-27,17
813217897535406080,13,Atlas,6829,17614,Samoyed,True,68,2016-12-26,3
813096984823349248,11,Rocky,3372,9997,Great_Dane,True,74,2016-12-25,19
813081950185472002,11,Baron,2587,9403,Doberman,True,112,2016-12-25,18
813066809284972545,12,Tyr,1821,7522,toy_terrier,True,115,2016-12-25,17
813051746834595840,13,Bauer,6819,19875,golden_retriever,True,90,2016-12-25,16
812781120811126785,10,Swagger,1784,7128,bull_mastiff,True,101,2016-12-24,22
812709060537683968,12,Brandi,1349,6276,Irish_setter,True,94,2016-12-24,17
812372279581671427,13,Moe,3413,12898,golden_retriever,True,103,2016-12-23,19
811985624773361665,11,Ted,1307,6889,Staffordshire_bullterrier,True,88,2016-12-22,17
811744202451197953,13,Halo,1469,7135,Pekinese,True,41,2016-12-22,1
811627233043480576,10,Augie,2840,12039,beagle,True,103,2016-12-21,17
811386762094317568,11,Craig,5961,19793,Pembroke,True,112,2016-12-21,1
810896069567610880,11,Hunter,1639,8509,flat-coated_retriever,True,127,2016-12-19,17
810657578271330305,11,Pavlov,2461,10401,malamute,True,100,2016-12-19,1
810284430598270976,13,Phil,10470,33206,malamute,True,79,2016-12-18,0
810254108431155201,12,Gus,3151,13925,Staffordshire_bullterrier,True,118,2016-12-17,22
809220051211603969,12,Kyro,5230,18824,Pomeranian,True,126,2016-12-15,2
809084759137812480,11,Wallace,3286,12527,vizsla,True,136,2016-12-14,17
808838249661788160,13,Ito,2857,9623,Rottweiler,True,116,2016-12-14,0
808501579447930884,12,Koda,2452,10725,Airedale,True,105,2016-12-13,2
808001312164028416,12,Cooper,3296,11807,Labrador_retriever,True,105,2016-12-11,17
807621403335917568,14,Ollie,3375,13804,golden_retriever,True,137,2016-12-10,16
807106840509214720,13,Stephan,51470,111227,Chihuahua,True,61,2016-12-09,6
807010152071229440,12,Lennon,3619,12426,golden_retriever,True,123,2016-12-08,23
806542213899489280,11,Waffles,2210,9709,vizsla,True,99,2016-12-07,16
806219024703037440,11,incredibly,1131,6121,chow,True,123,2016-12-06,19
805932879469572096,12,Major,1796,7873,Norwegian_elkhound,True,125,2016-12-06,0
805826884734976000,12,Duke,1710,6213,Siberian_husky,True,54,2016-12-05,17
805520635690676224,13,Zeke,1547,5462,malinois,True,138,2016-12-04,21
805207613751304193,12,Shooter,1623,7455,Pembroke,True,55,2016-12-04,0
804738756058218496,12,Django,3591,12945,Tibetan_mastiff,True,97,2016-12-02,17
803773340896923648,12,Diogi,2579,9518,miniature_pinscher,True,106,2016-11-30,1
803276597545603072,11,Winston,2291,9514,Pembroke,True,110,2016-11-28,16
802952499103731712,12,Marley,1867,8557,chow,True,74,2016-11-27,19
802572683846291456,12,Winnie,2348,8490,golden_retriever,True,107,2016-11-26,18
802239329049477120,12,Loki,2451,8622,Eskimo_dog,True,132,2016-11-25,19
801958328846974976,12,Ronnie,1592,7346,Staffordshire_bullterrier,True,103,2016-11-25,1
801538201127157760,12,Wallace,1949,7793,Pembroke,True,84,2016-11-23,21
801167903437357056,13,Milo,5492,23099,cocker_spaniel,True,56,2016-11-22,20
801115127852503040,12,Bones,1981,7660,dalmatian,True,120,2016-11-22,17
800751577355128832,12,Mauve,2617,10068,cocker_spaniel,True,96,2016-11-21,17
800513324630806528,11,Chef,2817,12463,Pembroke,True,78,2016-11-21,1
800388270626521089,12,Doc,2630,10579,golden_retriever,True,99,2016-11-20,17
800141422401830912,13,Peaches,2383,14470,golden_retriever,True,96,2016-11-20,0
799757965289017345,13,Sobe,1999,7938,Border_collie,True,106,2016-11-18,23
799422933579902976,12,Longfellow,1794,7666,miniature_pinscher,True,136,2016-11-18,1
799297110730567681,11,Jeffrey,2552,9364,malamute,True,91,2016-11-17,17
799063482566066176,11,Mister,2336,7668,Norfolk_terrier,True,84,2016-11-17,1
798933969379225600,12,Iroh,4143,12384,Siberian_husky,True,59,2016-11-16,17
798925684722855936,11,Shadow,1355,7144,West_Highland_white_terrier,True,122,2016-11-16,16
798209839306514432,13,Cooper,2418,9896,Pekinese,True,106,2016-11-14,17
797545162159308800,12,Cassie,4603,13825,Pembroke,True,109,2016-11-12,21
797236660651966464,12,Pancake,6136,18867,collie,True,89,2016-11-12,0
796865951799083009,12,Tyr,1825,7283,Cardigan,True,88,2016-11-11,0
796759840936919040,11,Romeo,2821,11174,American_Staffordshire_terrier,True,111,2016-11-10,17
796387464403357696,12,Snicku,3878,10427,Pekinese,True,130,2016-11-09,16
796149749086875649,11,Ruby,13325,30404,golden_retriever,True,88,2016-11-09,0
796080075804475393,12,Yogi,2158,8004,chow,True,49,2016-11-08,20
796031486298386433,13,Daisy,3492,10240,golden_retriever,True,82,2016-11-08,16
795400264262053889,12,Brody,2677,9466,golden_retriever,True,71,2016-11-06,22
794332329137291264,12,Nimbus,2529,9102,Samoyed,True,126,2016-11-04,0
793962221541933056,12,Maximus,4557,15861,Labrador_retriever,True,101,2016-11-02,23
793845145112371200,13,Clark,1739,8747,Old_English_sheepdog,True,71,2016-11-02,16
793601777308463104,12,Dobby,1511,7547,miniature_pinscher,True,76,2016-11-01,23
793500921481273345,12,Fiona,2225,10084,golden_retriever,True,115,2016-11-01,17
793286476301799424,13,Moreton,8573,23280,Afghan_hound,True,67,2016-11-01,3
793271401113350145,12,Dave,2239,8228,Siberian_husky,True,118,2016-11-01,2
793241302385262592,13,Tucker,3065,9950,golden_retriever,True,70,2016-11-01,0
793226087023144960,11,Juno,2706,9259,wire-haired_fox_terrier,True,123,2016-10-31,23
793195938047070209,12,Lily,5257,14398,Labrador_retriever,True,99,2016-10-31,21
793180763617361921,11,Newt,1858,6533,Lakeland_terrier,True,38,2016-10-31,20
793165685325201412,12,Benji,2620,8869,golden_retriever,True,128,2016-10-31,19
793150605191548928,11,Nida,1592,5831,Italian_greyhound,True,66,2016-10-31,18
793120401413079041,11,Robin,3671,11988,Labrador_retriever,True,139,2016-10-31,16
792773781206999040,12,Monster,1568,6979,Yorkshire_terrier,True,114,2016-10-30,17
792394556390137856,12,BeBe,4005,12674,cocker_spaniel,True,98,2016-10-29,15
792050063153438720,11,Remus,1666,6761,komondor,True,124,2016-10-28,17
791406955684368384,12,Levi,3845,12458,Pembroke,True,122,2016-10-26,22
791312159183634433,12,Mabel,2358,8298,miniature_pinscher,True,106,2016-10-26,16
790987426131050500,12,Misty,1981,9283,cocker_spaniel,True,54,2016-10-25,18
790698755171364864,12,Mosby,1798,7788,Bernese_mountain_dog,True,82,2016-10-24,23
790337589677002753,12,Maggie,1763,7403,Pembroke,True,72,2016-10-23,23
790277117346975746,11,Bruce,2946,11863,Labrador_retriever,True,77,2016-10-23,19
789628658055020548,13,Eli,1638,7064,chow,True,41,2016-10-22,0
789599242079838210,12,Brownie,1786,6354,Chesapeake_Bay_retriever,True,74,2016-10-21,22
789530877013393408,12,Rizzy,3148,11058,schipperke,True,52,2016-10-21,18
789268448748703744,10,Stella,2435,8621,malamute,True,79,2016-10-21,0
789137962068021249,12,Bo,2600,9205,Chihuahua,True,114,2016-10-20,16
788765914992902144,12,Butter,9632,25818,cocker_spaniel,True,79,2016-10-19,15
788412144018661376,11,Dexter,4908,14674,golden_retriever,True,71,2016-10-18,16
788150585577050112,13,Leo,1196,5768,chow,True,80,2016-10-17,22
787810552592695296,11,Frank,2832,8130,pug,True,98,2016-10-17,0
787717603741622272,13,Tonks,2578,9680,German_shepherd,True,115,2016-10-16,18
787397959788929025,11,Moose,2657,10305,Chihuahua,True,107,2016-10-15,21
786963064373534720,12,Rory,7405,25200,golden_retriever,True,110,2016-10-14,16
786595970293370880,11,Dale,2904,8944,Pembroke,True,95,2016-10-13,15
786363235746385920,13,Rizzo,3206,10248,golden_retriever,True,83,2016-10-13,0
786233965241827333,11,Mattie,4358,14352,Labrador_retriever,True,117,2016-10-12,15
785872687017132033,12,Rusty,1667,6320,Great_Pyrenees,True,114,2016-10-11,16
785533386513321988,11,Dallas,1832,8552,miniature_pinscher,True,63,2016-10-10,17
784826020293709826,13,Rusty,3000,9551,chow,True,73,2016-10-08,18
784517518371221505,11,Frankie,2357,8459,malamute,True,83,2016-10-07,22
784431430411685888,12,Stormy,1181,5429,miniature_poodle,True,77,2016-10-07,16
783821107061198850,12,Mairi,1822,6952,Lakeland_terrier,True,77,2016-10-06,0
783695101801398276,12,Loomis,2981,9835,chow,True,126,2016-10-05,15
783466772167098368,11,Finn,2073,7936,Chihuahua,True,138,2016-10-05,0
783391753726550016,13,Godi,5073,15943,Norwegian_elkhound,True,109,2016-10-04,19
783334639985389568,12,Dave,10839,27383,Cardigan,True,98,2016-10-04,15
783085703974514689,11,Earl,2016,7704,Chesapeake_Bay_retriever,True,93,2016-10-03,23
782747134529531904,11,Deacon,1316,7047,golden_retriever,True,89,2016-10-03,1
782722598790725632,10,Penny,4995,16229,Irish_setter,True,91,2016-10-02,23
782598640137187329,11,Timmy,1763,7366,malamute,True,108,2016-10-02,15
782305867769217024,12,Sampson,5115,15662,briard,True,111,2016-10-01,19
781251288990355457,11,Oakley,1922,7898,Mexican_hairless,True,102,2016-09-28,21
780858289093574656,10,Dash,1856,6778,Chesapeake_Bay_retriever,True,129,2016-09-27,19
780800785462489090,11,Koda,1198,5174,Siberian_husky,True,105,2016-09-27,16
780601303617732608,12,Hercules,3116,11394,Saint_Bernard,True,100,2016-09-27,2
780459368902959104,11,Bear,1000,4982,Great_Dane,True,112,2016-09-26,17
779834332596887552,11,Scout,6480,17693,golden_retriever,True,91,2016-09-25,0
778990705243029504,11,Jay,6631,18679,cocker_spaniel,True,110,2016-09-22,16
778748913645780993,11,Mya,1203,6434,Staffordshire_bullterrier,True,85,2016-09-22,0
778650543019483137,10,Strider,1385,5401,German_shepherd,True,121,2016-09-21,17
778624900596654080,11,Penny,940,4327,Airedale,True,73,2016-09-21,16
778383385161035776,13,Nala,1018,5494,collie,True,99,2016-09-21,0
778286810187399168,11,Stanley,3054,9702,Boston_bull,True,109,2016-09-20,17
777885040357281792,3,Wesley,1510,5978,Afghan_hound,True,116,2016-09-19,15
777621514455814149,12,Derek,2331,8189,chow,True,112,2016-09-18,21
777189768882946048,12,Jeffrey,3972,13265,Chihuahua,True,77,2016-09-17,16
776813020089548800,12,Solomon,1111,4594,toy_poodle,True,116,2016-09-16,16
776477788987613185,11,Huck,2549,8213,Labrador_retriever,True,103,2016-09-15,17
776201521193218049,10,O,2330,8997,Rottweiler,True,93,2016-09-14,23
775842724423557120,12,Blue,2454,10995,chow,True,107,2016-09-13,23
775364825476165632,11,Finley,2708,6929,beagle,True,83,2016-09-12,16
775085132600442880,13,Tucker,4355,14587,chow,True,58,2016-09-11,21
774757898236878852,12,Finley,1650,8110,toy_poodle,True,89,2016-09-10,23
774639387460112384,10,Sprinkles,1610,6345,Walker_hound,True,76,2016-09-10,16
773922284943896577,12,Heinrich,1619,6036,Pomeranian,True,113,2016-09-08,16
773704687002451968,12,Loki,1494,6215,silky_terrier,True,106,2016-09-08,2
773670353721753600,10,Shakespeare,1220,5040,Old_English_sheepdog,True,113,2016-09-07,23
773547596996571136,11,Chelsea,5670,20751,Norwegian_elkhound,True,68,2016-09-07,15
773191612633579521,12,Grey,3792,9356,Blenheim_spaniel,True,99,2016-09-06,16
772826264096874500,11,Roosevelt,2201,7553,basset,True,120,2016-09-05,15
772581559778025472,10,a,1579,6082,Newfoundland,True,116,2016-09-04,23
772193107915964416,12,Willem,1285,5657,Pembroke,True,104,2016-09-03,22
772117678702071809,12,Jack,686,3540,Labrador_retriever,True,116,2016-09-03,17
772114945936949249,10,Finn,440,2576,Chihuahua,True,108,2016-09-03,16
772102971039580160,11,Penny,862,3762,Pembroke,True,107,2016-09-03,16
771770456517009408,11,Davey,3131,11253,papillon,True,100,2016-09-02,18
771500966810099713,12,Dakota,2414,7743,Labrador_retriever,True,72,2016-09-02,0
771380798096281600,11,Fizz,4655,9885,collie,True,116,2016-09-01,16
771102124360998913,12,Charlie,1325,5845,Labrador_retriever,True,115,2016-08-31,21
770787852854652928,10,Winston,1100,4604,Bernese_mountain_dog,True,99,2016-08-31,0
770772759874076672,11,Sebastian,1320,4875,chow,True,107,2016-08-30,23
770293558247038976,10,Jackson,1352,5832,Italian_greyhound,True,93,2016-08-29,16
770069151037685760,10,Carbon,2118,7120,Boston_bull,True,115,2016-08-29,1
769940425801170949,12,Klein,8807,29194,miniature_pinscher,True,100,2016-08-28,16
769695466921623552,13,Titan,1559,6023,pug,True,98,2016-08-28,0
769212283578875904,12,DonDon,1592,5067,golden_retriever,True,111,2016-08-26,16
768970937022709760,12,Kirby,5979,13343,Pomeranian,True,64,2016-08-26,0
768855141948723200,11,Jesse,820,3918,chow,True,99,2016-08-25,16
768609597686943744,10,Lou,1095,3842,basenji,True,112,2016-08-25,0
768596291618299904,12,Oakley,1184,4730,Great_Pyrenees,True,116,2016-08-24,23
768473857036525572,11,Chevy,3152,12743,Labrador_retriever,True,116,2016-08-24,15
767754930266464257,11,Philbert,4938,14935,vizsla,True,108,2016-08-22,16
767500508068192258,12,Louie,2141,7021,chow,True,87,2016-08-21,23
767122157629476866,13,Rupert,2630,9519,toy_poodle,True,84,2016-08-20,22
766793450729734144,10,Rufus,1248,4728,beagle,True,113,2016-08-20,0
766693177336135680,11,Brudge,726,3783,Doberman,True,104,2016-08-19,17
766423258543644672,9,Shadoe,1448,5617,keeshond,True,109,2016-08-18,23
766313316352462849,12,Oscar,1728,6325,toy_poodle,True,107,2016-08-18,16
766069199026450432,12,Juno,769,3929,redbone,True,66,2016-08-18,0
766008592277377025,11,Angel,456,3525,Welsh_springer_spaniel,True,113,2016-08-17,20
765719909049503744,12,Brat,1986,6787,golden_retriever,True,115,2016-08-17,1
765669560888528897,12,Tove,1127,4834,beagle,True,87,2016-08-16,22
765395769549590528,13,my,3099,25048,Pembroke,True,110,2016-08-16,3
765371061932261376,11,Louie,1998,6654,golden_retriever,True,112,2016-08-16,2
765222098633691136,10,Gromit,3106,10884,dalmatian,True,96,2016-08-15,16
764857477905154048,12,Aubie,1642,6055,Bernese_mountain_dog,True,116,2016-08-14,16
764259802650378240,10,Kota,1383,5620,German_shepherd,True,108,2016-08-13,0
763837565564780549,11,Alfie,3793,11724,malamute,True,63,2016-08-11,20
763183847194451968,8,Clark,1352,5047,miniature_poodle,True,102,2016-08-10,1
762699858130116608,11,Leela,3293,11333,kelpie,True,105,2016-08-08,17
762471784394268675,12,Glenn,5887,10489,Samoyed,True,115,2016-08-08,2
762464539388485633,12,Buddy,3809,9611,chow,True,113,2016-08-08,1
761976711479193600,12,Shelby,1817,5025,Labrador_retriever,True,105,2016-08-06,17
761599872357261312,11,Sephie,1095,3876,Gordon_setter,True,114,2016-08-05,16
761334018830917632,10,Bruce,1332,4815,Norwegian_elkhound,True,80,2016-08-04,22
761292947749015552,11,Bonaparte,998,4174,standard_poodle,True,106,2016-08-04,20
761004547850530816,11,Bo,3202,10619,golden_retriever,True,69,2016-08-04,1
760893934457552897,11,Wishes,886,3568,Blenheim_spaniel,True,107,2016-08-03,17
760656994973933572,11,Rose,1745,6155,golden_retriever,True,73,2016-08-03,2
760539183865880579,12,Atlas,3326,7059,Samoyed,True,64,2016-08-02,18
760290219849637889,13,Rocco,10535,25002,Old_English_sheepdog,True,75,2016-08-02,1
759846353224826880,11,Kirby,1794,6269,Sussex_spaniel,True,102,2016-07-31,20
759793422261743616,12,Maggie,1757,5564,golden_retriever,True,120,2016-07-31,16
759557299618865152,10,Emma,1101,4384,golden_retriever,True,113,2016-07-31,1
759447681597108224,11,Oakley,2269,7925,kuvasz,True,113,2016-07-30,17
759197388317847553,12,Luna,1798,5688,kuvasz,True,77,2016-07-30,1
759099523532779520,7,Toby,3809,13579,Shetland_sheepdog,True,116,2016-07-29,18
759047813560868866,11,Spencer,1844,6054,Labrador_retriever,True,84,2016-07-29,15
758740312047005698,12,Boston,1495,5365,Chesapeake_Bay_retriever,True,115,2016-07-28,19
758474966123810816,11,Brandonald,912,3544,Pembroke,True,108,2016-07-28,1
758405701903519748,10,Odie,1756,4859,Chesapeake_Bay_retriever,True,68,2016-07-27,20
758355060040593408,11,Corey,956,3145,Pembroke,True,113,2016-07-27,17
757611664640446465,12,Cooper,1004,4282,bluetick,True,89,2016-07-25,16
757354760399941633,8,Devón,1298,4198,Italian_greyhound,True,114,2016-07-24,23
756998049151549440,11,Oliver,1830,5860,golden_retriever,True,102,2016-07-23,23
756939218950160384,12,Jax,1831,6195,golden_retriever,True,112,2016-07-23,19
756651752796094464,11,Gert,1190,4687,Pembroke,True,85,2016-07-23,0
755110668769038337,13,Watson,10156,19666,Labrador_retriever,True,80,2016-07-18,18
754856583969079297,11,Winnie,2307,6423,golden_retriever,True,115,2016-07-18,1
754449512966619136,11,Dex,671,3497,beagle,True,71,2016-07-16,22
753398408988139520,12,Scout,1725,5345,whippet,True,55,2016-07-14,1
753375668877008896,8,Hank,2121,7122,bluetick,True,112,2016-07-13,23
753294487569522689,11,Ace,955,3117,chow,True,75,2016-07-13,18
753026973505581056,10,Tayzie,874,3642,Pembroke,True,116,2016-07-13,0
752917284578922496,11,Grizzie,1438,6484,German_shepherd,True,116,2016-07-12,17
752173152931807232,12,Brody,1668,5528,Labrador_retriever,True,108,2016-07-10,16
751937170840121344,11,Ruby,1195,4817,Lakeland_terrier,True,82,2016-07-10,0
751830394383790080,12,Tucker,1784,5427,chow,True,76,2016-07-09,17
751598357617971201,13,Toby,2824,7387,toy_poodle,True,53,2016-07-09,2
751538714308972544,10,Max,1144,4700,Labrador_retriever,True,93,2016-07-08,22
751251247299190784,10,Gilbert,5375,11703,Walker_hound,True,110,2016-07-08,3
751132876104687617,10,Cooper,1180,4718,Labrador_retriever,True,72,2016-07-07,19
750868782890057730,11,Milo,1242,4446,toy_poodle,True,116,2016-07-07,1
750719632563142656,12,Meyer,4576,12226,Pembroke,True,114,2016-07-06,15
750429297815552001,12,Arnie,3905,12268,golden_retriever,True,63,2016-07-05,20
750383411068534784,9,Zoe,1038,4254,Border_collie,True,111,2016-07-05,17
750132105863102464,11,Stewie,1175,3353,toy_poodle,True,92,2016-07-05,1
750117059602808832,10,Calvin,1204,4042,Shih-Tzu,True,83,2016-07-05,0
750101899009982464,11,Lilah,773,2838,golden_retriever,True,116,2016-07-04,23
750086836815486976,12,Spanky,490,2019,pug,True,105,2016-07-04,22
750056684286914561,11,Jameson,816,2945,Saluki,True,102,2016-07-04,20
750041628174217216,13,Beau,565,2956,Labrador_retriever,True,111,2016-07-04,19
749996283729883136,12,Bo,754,2824,Old_English_sheepdog,True,77,2016-07-04,16
749774190421639168,12,Lucy,1205,4341,Pekinese,True,74,2016-07-04,1
749417653287129088,11,Finn,1508,5661,papillon,True,66,2016-07-03,1
749395845976588288,10,George,3143,7949,Pomeranian,True,110,2016-07-03,0
749317047558017024,12,Blu,2039,5084,wire-haired_fox_terrier,True,115,2016-07-02,19
749064354620928000,11,Winston,1403,4488,pug,True,113,2016-07-02,2
748977405889503236,10,not,3124,10003,German_short-haired_pointer,True,112,2016-07-01,20
748932637671223296,13,Divine,2051,5400,borzoi,True,77,2016-07-01,17
748699167502000129,11,Tripp,1452,4399,Pembroke,True,100,2016-07-01,2
748568946752774144,12,Cora,606,2039,Tibetan_terrier,True,85,2016-06-30,17
748324050481647620,11,Duke,689,3444,Shetland_sheepdog,True,77,2016-06-30,1
747885874273214464,8,a,878,2717,kuvasz,True,116,2016-06-28,20
747844099428986880,11,Huxley,673,2616,Pembroke,True,112,2016-06-28,17
747816857231626240,4,a,1053,4490,Pembroke,True,114,2016-06-28,15
747600769478692864,10,Bookstore,520,2161,Chesapeake_Bay_retriever,True,104,2016-06-28,1
747219827526344708,11,Atticus,1433,4881,Shetland_sheepdog,True,75,2016-06-27,0
746872823977771008,11,a,1935,5550,Pembroke,True,110,2016-06-26,1
746726898085036033,12,Abby,1633,5614,golden_retriever,True,116,2016-06-25,15
746507379341139972,10,Shiloh,989,4334,toy_poodle,True,90,2016-06-25,0
746369468511756288,9,an,1482,5745,German_shepherd,True,114,2016-06-24,15
746131877086527488,10,Gustav,1992,6371,chow,True,100,2016-06-24,0
746056683365994496,11,Arlen,738,3314,Shetland_sheepdog,True,83,2016-06-23,19
745789745784041472,10,Gus,962,3653,Pekinese,True,109,2016-06-23,1
745422732645535745,9,very,2189,7933,Labrador_retriever,True,116,2016-06-22,1
745057283344719872,12,Oliver,2048,6735,Shetland_sheepdog,True,110,2016-06-21,0
744995568523612160,9,Abby,566,2729,Old_English_sheepdog,True,84,2016-06-20,20
744971049620602880,12,Indie,2436,7286,toy_poodle,True,98,2016-06-20,19
744709971296780288,10,Harvey,1430,5215,Shetland_sheepdog,True,63,2016-06-20,1
744334592493166593,11,Blanket,1924,6325,Samoyed,True,115,2016-06-19,1
743980027717509120,11,Geno,1000,3882,bull_mastiff,True,115,2016-06-18,1
743609206067040256,10,Stark,1268,4148,Weimaraner,True,116,2016-06-17,1
743253157753532416,10,Kilo,1117,3924,malamute,True,104,2016-06-16,1
743222593470234624,12,a,1728,5721,kuvasz,True,114,2016-06-15,23
743210557239623680,10,Kayla,1232,3552,golden_retriever,True,115,2016-06-15,22
742423170473463808,12,Bell,3411,9068,pug,True,81,2016-06-13,18
742385895052087300,11,Phil,1772,6272,Cardigan,True,99,2016-06-13,15
741743634094141440,11,Aqua,2489,7539,Labrador_retriever,True,115,2016-06-11,21
741438259667034112,9,Tucker,744,3408,Chesapeake_Bay_retriever,True,75,2016-06-11,1
741303864243200000,12,Theodore,2910,8110,Chihuahua,True,115,2016-06-10,16
741067306818797568,12,just,2803,8834,golden_retriever,True,67,2016-06-10,0
740995100998766593,10,Leo,2460,5809,malamute,True,115,2016-06-09,19
740359016048689152,9,Chase,794,3042,golden_retriever,True,67,2016-06-08,1
740214038584557568,10,getting,1780,6169,Chesapeake_Bay_retriever,True,115,2016-06-07,16
739979191639244800,12,Nollie,5367,18446,Irish_water_spaniel,True,112,2016-06-07,0
739932936087216128,10,Rorie,983,3743,redbone,True,113,2016-06-06,21
739844404073074688,12,Simba,785,3519,toy_poodle,True,103,2016-06-06,15
739606147276148736,9,Benji,1490,4978,Blenheim_spaniel,True,114,2016-06-05,23
739485634323156992,6,Kyle,2635,6586,Walker_hound,True,113,2016-06-05,15
738537504001953792,11,Bayley,1392,4693,chow,True,98,2016-06-03,1
738166403467907072,12,Axel,3030,8052,keeshond,True,63,2016-06-02,0
738156290900254721,10,Storkson,584,2278,pug,True,54,2016-06-01,23
737826014890496000,10,Remy,1600,4821,vizsla,True,114,2016-06-01,2
737800304142471168,10,Bella,3161,9243,malamute,True,90,2016-06-01,0
736736130620620800,13,Chadrick,1538,3868,schipperke,True,38,2016-05-29,1
736225175608430592,10,very,2536,7474,Labrador_retriever,True,116,2016-05-27,15
735991953473572864,11,Maxaroni,1032,3294,cocker_spaniel,True,75,2016-05-27,0
735635087207878657,11,Dakota,2133,5651,pug,True,76,2016-05-26,0
735256018284875776,8,Kellogg,801,3055,Staffordshire_bullterrier,True,91,2016-05-24,23
735137028879360001,9,Buckley,878,2874,Walker_hound,True,120,2016-05-24,15
734912297295085568,10,Jax,470,2537,Maltese_dog,True,82,2016-05-24,1
734776360183431168,11,Livvie,487,2318,Siberian_husky,True,115,2016-05-23,16
733828123016450049,10,Terry,714,3293,beagle,True,89,2016-05-21,1
733822306246479872,10,Moose,923,3385,Lhasa,True,79,2016-05-21,0
733460102733135873,11,Hermione,1135,3862,chow,True,95,2016-05-20,0
732726085725589504,11,Aldrick,794,3289,Pomeranian,True,116,2016-05-18,0
732005617171337216,11,Larry,4864,13660,English_setter,True,70,2016-05-16,0
731285275100512256,12,Solomon,899,3215,Pembroke,True,72,2016-05-14,0
730573383004487680,10,Rooney,1909,4446,American_Staffordshire_terrier,True,67,2016-05-12,1
730427201120833536,11,Crystal,937,3197,Eskimo_dog,True,98,2016-05-11,15
730211855403241472,11,Ziva,956,3480,pug,True,84,2016-05-11,1
729823566028484608,13,Stefan,1123,3644,kelpie,True,54,2016-05-10,0
729463711119904772,13,Pupcasso,2085,5311,German_shepherd,True,58,2016-05-09,0
728986383096946689,11,Puff,736,2876,Maltese_dog,True,116,2016-05-07,16
728751179681943552,10,Flurpson,614,2535,Saint_Bernard,True,57,2016-05-07,0
728387165835677696,12,Enchilada,875,3421,collie,True,113,2016-05-06,0
728046963732717569,11,Raymond,1082,3925,Newfoundland,True,81,2016-05-05,2
728015554473250816,11,Rueben,990,3778,cocker_spaniel,True,75,2016-05-05,0
727685679342333952,12,Cilantro,573,2722,Border_collie,True,96,2016-05-04,2
727175381690781696,10,Karll,1240,3584,flat-coated_retriever,True,93,2016-05-02,16
726887082820554753,10,Blitz,1365,3526,soft-coated_wheaten_terrier,True,113,2016-05-01,21
726828223124897792,12,Bloop,913,3300,miniature_pinscher,True,115,2016-05-01,17
725842289046749185,12,Colby,2410,6515,toy_poodle,True,101,2016-04-29,0
725786712245440512,11,Lillie,1241,3843,chow,True,103,2016-04-28,20
725729321944506368,12,Lola,1605,4787,boxer,True,114,2016-04-28,16
724983749226668032,12,Fred,1166,3437,golden_retriever,True,116,2016-04-26,15
724405726123311104,10,Ashleigh,1509,4860,golden_retriever,True,98,2016-04-25,1
724049859469295616,10,Kreggory,1616,3971,Border_collie,True,89,2016-04-24,1
724046343203856385,10,Sarge,512,2454,boxer,True,98,2016-04-24,1
723912936180330496,12,Sugar,1124,3582,Samoyed,True,85,2016-04-23,16
723673163800948736,10,Ivar,813,2784,golden_retriever,True,85,2016-04-23,0
722613351520608256,12,Schnitzel,1492,4573,Labrador_retriever,True,110,2016-04-20,2
721503162398597120,11,Panda,1644,4218,Pomeranian,True,35,2016-04-17,0
721001180231503872,11,Oliver,551,2339,Samoyed,True,131,2016-04-15,15
720785406564900865,12,Archie,698,2855,Chihuahua,True,104,2016-04-15,1
720775346191278080,10,Berkeley,564,2252,Newfoundland,True,87,2016-04-15,0
720389942216527872,11,Ralphé,2258,5857,Pembroke,True,85,2016-04-13,23
720059472081784833,9,Charleson,1018,3548,Mexican_hairless,True,124,2016-04-13,1
720043174954147842,11,Neptune,1814,4563,Samoyed,True,137,2016-04-13,0
719551379208073216,10,Harnold,1708,4642,malamute,True,118,2016-04-11,15
719339463458033665,10,Lucy,1118,4087,golden_retriever,True,122,2016-04-11,1
719332531645071360,11,Pippa,856,3177,Dandie_Dinmont,True,140,2016-04-11,1
718971898235854848,10,Sadie,984,3201,golden_retriever,True,72,2016-04-10,1
718939241951195136,12,Otis,1580,4796,Pembroke,True,102,2016-04-09,23
718613305783398402,11,Carper,427,2252,Labrador_retriever,True,124,2016-04-09,1
718246886998687744,3,Alexanderson,446,1759,Chihuahua,True,132,2016-04-08,1
718234618122661888,11,Suki,912,3559,malamute,True,128,2016-04-08,0
717841801130979328,11,Barclay,542,2270,Brittany_spaniel,True,84,2016-04-06,22
717537687239008257,11,a,1657,5303,golden_retriever,True,139,2016-04-06,2
717421804990701568,9,Ebby,756,2886,miniature_pinscher,True,130,2016-04-05,18
717047459982213120,12,Flávio,1733,5790,golden_retriever,True,136,2016-04-04,17
717009362452090881,10,Smokey,867,2974,Siberian_husky,True,111,2016-04-04,15
716802964044845056,10,Link,1048,3956,malinois,True,83,2016-04-04,1
716791146589110272,11,Jennifur,1457,7740,Pomeranian,True,144,2016-04-04,0
716285507865542656,12,Stephanus,964,2552,Yorkshire_terrier,True,64,2016-04-02,15
715928423106027520,11,Bubbles,794,2927,pug,True,98,2016-04-01,15
715733265223708672,10,a,1526,4274,Dandie_Dinmont,True,137,2016-04-01,2
715696743237730304,10,Toby,1163,3610,Staffordshire_bullterrier,True,139,2016-04-01,0
715680795826982913,12,Zeus,1442,3961,golden_retriever,True,68,2016-03-31,23
715342466308784130,10,Oscar,621,2791,West_Highland_white_terrier,True,138,2016-03-31,0
715220193576927233,10,Nico,587,2208,Chihuahua,True,126,2016-03-30,16
715200624753819648,12,Michelangelope,1682,4745,Chihuahua,True,119,2016-03-30,15
714982300363173890,9,Calbert,931,3425,Brittany_spaniel,True,114,2016-03-30,1
714957620017307648,10,Curtis,1277,3808,Great_Pyrenees,True,140,2016-03-29,23
714258258790387713,10,Travis,667,2813,collie,True,143,2016-03-28,1
714251586676113411,8,Thumas,758,3023,soft-coated_wheaten_terrier,True,79,2016-03-28,0
713919462244790272,12,Kanu,720,3038,Siberian_husky,True,133,2016-03-27,2
713761197720473600,12,Piper,1239,4453,Brittany_spaniel,True,127,2016-03-26,16
713177543487135744,10,Lance,2586,6638,whippet,True,104,2016-03-25,1
712809025985978368,10,Stubert,6074,17519,Labrador_retriever,True,63,2016-03-24,1
712668654853337088,10,Sunny,1097,3818,Labrador_retriever,True,107,2016-03-23,15
712085617388212225,11,Olive,434,3013,Shih-Tzu,True,104,2016-03-22,1
711743778164514816,11,Roosevelt,906,2617,Lakeland_terrier,True,140,2016-03-21,2
711008018775851008,11,Chuckles,559,2740,French_bulldog,True,139,2016-03-19,1
710997087345876993,12,Milo,1259,4211,malamute,True,108,2016-03-19,1
710833117892898816,12,Sora,476,2465,Pembroke,True,120,2016-03-18,14
710588934686908417,12,Beemo,1696,4167,Pembroke,True,94,2016-03-17,22
710283270106132480,11,Gunner,480,1992,Shih-Tzu,True,104,2016-03-17,1
710272297844797440,11,infuriating,1138,4140,Old_English_sheepdog,True,138,2016-03-17,1
710140971284037632,8,Tater,800,2515,Pekinese,True,120,2016-03-16,16
709918798883774466,12,Watson,993,3222,Pembroke,True,140,2016-03-16,1
709566166965075968,12,Olaf,1072,3253,chow,True,130,2016-03-15,2
709556954897764353,12,Cecil,974,3022,golden_retriever,True,131,2016-03-15,1
709519240576036864,9,Vince,219,1384,cocker_spaniel,True,139,2016-03-14,23
709449600415961088,10,Karma,517,2022,Maltese_dog,True,140,2016-03-14,18
709409458133323776,8,Billy,617,2425,Shetland_sheepdog,True,79,2016-03-14,16
709225125749587968,11,Walker,521,2203,Labrador_retriever,True,131,2016-03-14,3
709207347839836162,11,Penny,5171,11403,Chihuahua,True,88,2016-03-14,2
709158332880297985,10,Rodney,366,1873,Siberian_husky,True,138,2016-03-13,23
708834316713893888,10,Malikai,449,1549,Eskimo_dog,True,138,2016-03-13,1
708810915978854401,10,Mister,6243,15195,golden_retriever,True,111,2016-03-13,0
708738143638450176,11,Coco,739,2536,Pomeranian,True,107,2016-03-12,19
708479650088034305,13,Bear,617,2338,Shih-Tzu,True,118,2016-03-12,2
708469915515297792,11,Bobble,729,2850,Chihuahua,True,132,2016-03-12,1
708356463048204288,10,Oliver,1199,3302,pug,True,137,2016-03-11,18
708149363256774660,10,Jebberson,1412,3986,Cardigan,True,118,2016-03-11,4
708119489313951744,9,Cooper,896,2476,Norwich_terrier,True,99,2016-03-11,2
708109389455101952,10,Remington,501,1799,Staffordshire_bullterrier,True,133,2016-03-11,1
707969809498152960,11,Rufus,867,2485,toy_poodle,True,140,2016-03-10,16
707776935007539200,11,Sadie,872,3009,miniature_pinscher,True,140,2016-03-10,3
707610948723478529,12,Harper,5713,15577,golden_retriever,True,121,2016-03-09,16
707387676719185920,10,Clarkus,1147,3215,Chihuahua,True,139,2016-03-09,2
707315916783140866,10,Finnegus,577,2284,Bernese_mountain_dog,True,122,2016-03-08,21
707297311098011648,10,Cassie,708,2580,Blenheim_spaniel,True,139,2016-03-08,20
707059547140169728,11,Cupcake,619,2398,Samoyed,True,128,2016-03-08,4
707038192327901184,10,Kathmandu,715,2012,pug,True,117,2016-03-08,3
707021089608753152,12,Tucker,1220,3721,cocker_spaniel,True,120,2016-03-08,1
707014260413456384,11,Ellie,539,2108,Chihuahua,True,133,2016-03-08,1
706681918348251136,12,Katie,890,3020,toy_poodle,True,135,2016-03-07,3
706538006853918722,11,Oliver,1287,3183,chow,True,140,2016-03-06,17
706346369204748288,12,Koda,842,3167,Tibetan_mastiff,True,90,2016-03-06,5
706265994973601792,11,Kara,848,2514,papillon,True,139,2016-03-05,23
706166467411222528,7,Dexter,1447,4712,Samoyed,True,133,2016-03-05,17
705975130514706432,10,Adele,662,2857,Staffordshire_bullterrier,True,137,2016-03-05,4
705970349788291072,12,Lucy,795,2915,golden_retriever,True,139,2016-03-05,4
705898680587526145,10,Max,494,2180,collie,True,140,2016-03-04,23
705475953783398401,12,Zara,824,2737,golden_retriever,True,103,2016-03-03,19
705442520700944385,12,Cooper,1457,4059,Great_Pyrenees,True,90,2016-03-03,17
705428427625635840,11,Ambrose,1517,3506,Chihuahua,True,139,2016-03-03,16
705239209544720384,11,Jimothy,676,2769,Chihuahua,True,116,2016-03-03,3
705102439679201280,10,Terrenth,472,1960,collie,True,94,2016-03-02,18
705066031337840642,12,Reese,556,2007,Airedale,True,135,2016-03-02,16
704859558691414016,10,a,476,2070,pug,True,114,2016-03-02,2
704480331685040129,11,Lucia,979,3145,Samoyed,True,139,2016-03-01,1
704364645503647744,12,Bisquick,3225,7320,Pembroke,True,121,2016-02-29,17
703611486317502464,10,Scooter,1380,3537,Pembroke,True,140,2016-02-27,16
703382836347330562,12,Charlie,1027,3216,golden_retriever,True,111,2016-02-27,0
703356393781329922,9,Socks,344,1763,Border_collie,True,134,2016-02-26,23
703079050210877440,11,a,2798,6802,Pembroke,True,139,2016-02-26,4
702684942141153280,11,Lucy,962,2974,golden_retriever,True,88,2016-02-25,2
702671118226825216,10,Rambo,506,2019,bloodhound,True,148,2016-02-25,1
702598099714314240,11,Sansa,3128,11306,kelpie,True,132,2016-02-24,20
702539513671897089,12,a,865,2637,Pomeranian,True,136,2016-02-24,17
701981390485725185,12,Fiji,888,3159,Pomeranian,True,83,2016-02-23,4
701952816642965504,11,Rilo,928,3534,toy_poodle,True,140,2016-02-23,2
701889187134500865,11,Bilbo,1254,3241,French_bulldog,True,115,2016-02-22,21
701601587219795968,10,Coopson,416,1923,Chihuahua,True,140,2016-02-22,2
701570477911896070,9,Yoda,839,2572,Yorkshire_terrier,True,139,2016-02-22,0
701545186879471618,10,Millie,549,2447,Border_collie,True,136,2016-02-21,23
700864154249383937,12,a,556,2392,kuvasz,True,104,2016-02-20,2
700847567345688576,10,Crouton,449,2268,Rhodesian_ridgeback,True,134,2016-02-20,1
700747788515020802,11,very,8416,20981,Great_Pyrenees,True,139,2016-02-19,18
700518061187723268,10,Vincent,721,2391,American_Staffordshire_terrier,True,102,2016-02-19,3
700167517596164096,10,Dotsy,653,2426,beagle,True,65,2016-02-18,3
700029284593901568,10,Coops,529,1911,West_Highland_white_terrier,True,138,2016-02-17,18
700002074055016451,9,Thumas,1198,3024,Chihuahua,True,140,2016-02-17,17
699801817392291840,11,Cooper,849,2771,golden_retriever,True,118,2016-02-17,3
699788877217865730,12,Nala,469,2056,Border_terrier,True,94,2016-02-17,2
699775878809702401,11,Fillup,538,1802,Dandie_Dinmont,True,140,2016-02-17,2
699446877801091073,12,Archie,2398,5497,Pembroke,True,129,2016-02-16,4
699413908797464576,11,Miley,569,1926,Samoyed,True,138,2016-02-16,2
699370870310113280,11,Calbert,391,1751,cairn,True,139,2016-02-15,23
699079609774645248,8,Reagan,571,2256,schipperke,True,117,2016-02-15,3
698989035503689728,13,Oliver,876,3073,Norfolk_terrier,True,91,2016-02-14,21
698953797952008193,11,CeCe,826,2479,Italian_greyhound,True,140,2016-02-14,19
698710712454139905,10,Cuddles,616,2264,Samoyed,True,110,2016-02-14,3
698703483621523456,7,Rusty,335,1315,Brittany_spaniel,True,116,2016-02-14,3
698549713696649216,9,Claude,558,2152,French_bulldog,True,127,2016-02-13,16
698355670425473025,10,Jessiga,394,1701,pug,True,138,2016-02-13,3
698342080612007937,11,Maximus,870,2070,boxer,True,140,2016-02-13,3
698262614669991936,11,Franklin,1794,4390,Italian_greyhound,True,130,2016-02-12,21
698195409219559425,9,Beau,5440,15483,Labrador_retriever,True,144,2016-02-12,17
698178924120031232,10,Lily,674,2589,Chesapeake_Bay_retriever,True,140,2016-02-12,16
697990423684476929,11,Doug,1168,3013,Pembroke,True,140,2016-02-12,3
697943111201378304,10,Cassie,614,2191,Great_Dane,True,126,2016-02-12,0
697270446429966336,10,Bentley,1713,4339,toy_poodle,True,138,2016-02-10,4
697259378236399616,8,getting,901,3040,Great_Dane,True,123,2016-02-10,3
697255105972801536,10,Charlie,1053,2840,Great_Dane,True,137,2016-02-10,3
696900204696625153,12,Rosie,936,2909,Chihuahua,True,105,2016-02-09,3
696405997980676096,7,Berb,1051,2925,borzoi,True,139,2016-02-07,18
695794761660297217,13,Wyatt,706,2913,Samoyed,True,102,2016-02-06,2
695629776980148225,8,Calvin,1890,4193,Old_English_sheepdog,True,108,2016-02-05,15
695409464418041856,10,Bob,3238,7978,pug,True,134,2016-02-05,0
695314793360662529,10,Colin,1297,3331,Maltese_dog,True,126,2016-02-04,18
695095422348574720,12,just,550,2452,papillon,True,82,2016-02-04,4
695074328191332352,11,Lorenzo,991,2608,Shih-Tzu,True,131,2016-02-04,2
695051054296211456,6,Brian,716,2428,Boston_bull,True,140,2016-02-04,1
694352839993344000,10,Oliviér,540,1877,Australian_terrier,True,147,2016-02-02,2
694329668942569472,9,Grady,449,1816,boxer,True,109,2016-02-02,1
694001791655137281,11,Chester,924,3133,Pembroke,True,140,2016-02-01,3
693942351086120961,10,Kobe,328,1620,groenendael,True,139,2016-01-31,23
693642232151285760,9,Freddery,376,2347,Scottish_deerhound,True,133,2016-01-31,3
693280720173801472,10,Sadie,1122,3081,Labrador_retriever,True,143,2016-01-30,3
693231807727280129,9,Bodie,670,2658,vizsla,True,140,2016-01-30,0
693155686491000832,12,Dunkin,2890,7259,Shih-Tzu,True,105,2016-01-29,19
692905862751522816,10,Wally,790,2236,Mexican_hairless,True,87,2016-01-29,3
692894228850999298,10,Tupawc,714,2084,German_short-haired_pointer,True,139,2016-01-29,2
692568918515392513,12,Chester,1392,4024,golden_retriever,True,140,2016-01-28,4
692535307825213440,10,Amber,1232,2903,pug,True,89,2016-01-28,2
692530551048294401,10,Cody,368,1699,Siberian_husky,True,140,2016-01-28,2
692187005137076224,12,a,744,2330,Siberian_husky,True,139,2016-01-27,3
692158366030913536,10,Edgar,718,1971,pug,True,129,2016-01-27,1
692017291282812928,9,Kingsley,869,2671,Tibetan_terrier,True,139,2016-01-26,16
691675652215414786,10,Richie,459,1795,Chihuahua,True,114,2016-01-25,17
691459709405118465,12,Leo,1020,3723,Shetland_sheepdog,True,101,2016-01-25,3
691444869282295808,12,Bailey,751,2436,Bernese_mountain_dog,True,64,2016-01-25,2
691321916024623104,11,Molly,599,2380,Rottweiler,True,109,2016-01-24,18
690735892932222976,13,Peaches,1150,3493,golden_retriever,True,102,2016-01-23,3
690728923253055490,8,Vinscent,465,1998,kuvasz,True,108,2016-01-23,2
690597161306841088,11,Lolo,546,1783,Lhasa,True,143,2016-01-22,18
690400367696297985,10,Eriq,406,1739,Pembroke,True,140,2016-01-22,5
690374419777196032,11,Phred,760,2968,kuvasz,True,140,2016-01-22,3
690360449368465409,9,the,792,2442,pug,True,113,2016-01-22,2
689999384604450816,10,Covach,329,1304,standard_poodle,True,103,2016-01-21,2
689905486972461056,11,Gizmo,621,2256,Pomeranian,True,140,2016-01-20,20
689877686181715968,9,Durg,1042,2799,Old_English_sheepdog,True,107,2016-01-20,18
689835978131935233,11,Fynn,688,2018,collie,True,147,2016-01-20,15
689661964914655233,12,Luca,850,2991,Italian_greyhound,True,110,2016-01-20,4
689623661272240129,10,Lucy,580,2034,toy_poodle,True,105,2016-01-20,1
689517482558820352,12,Carl,1294,3121,Pembroke,True,113,2016-01-19,18
689283819090870273,9,Chipson,1004,3015,Scotch_terrier,True,136,2016-01-19,3
689280876073582592,10,Herald,638,1824,Chihuahua,True,106,2016-01-19,2
689275259254616065,10,Lucky,225,1051,American_Staffordshire_terrier,True,139,2016-01-19,2
689143371370250240,10,Trip,454,1862,English_springer,True,140,2016-01-18,17
688828561667567616,9,Brad,321,1274,Cardigan,True,139,2016-01-17,21
688789766343622656,8,Pubert,603,2053,American_Staffordshire_terrier,True,140,2016-01-17,18
688547210804498433,9,Frönq,626,2390,papillon,True,91,2016-01-17,2
688385280030670848,12,Louis,4074,8528,golden_retriever,True,94,2016-01-16,15
688064179421470721,11,Kilo,323,1594,Eskimo_dog,True,87,2016-01-15,18
687826841265172480,12,Louis,1009,2519,Pomeranian,True,116,2016-01-15,2
687807801670897665,11,Trooper,657,2196,Staffordshire_bullterrier,True,143,2016-01-15,1
687704180304273409,9,Blakely,763,2241,miniature_pinscher,True,105,2016-01-14,18
687664829264453632,11,Opal,469,1797,pug,True,139,2016-01-14,15
687494652870668288,7,Marq,527,1752,Rottweiler,True,71,2016-01-14,4
687460506001633280,10,Kramer,491,1904,Boston_bull,True,140,2016-01-14,2
687317306314240000,11,Tyrone,8333,18615,Shih-Tzu,True,140,2016-01-13,16
687127927494963200,9,Gordon,2049,4968,pug,True,74,2016-01-13,4
687109925361856513,11,Baxter,2226,5352,borzoi,True,119,2016-01-13,3
686683045143953408,11,Mona,729,2608,Norwich_terrier,True,120,2016-01-11,22
686618349602762752,11,Olivia,1237,3409,Rottweiler,True,130,2016-01-11,18
686606069955735556,10,Horace,490,1749,Labrador_retriever,True,139,2016-01-11,17
686386521809772549,11,Crimson,791,3004,Yorkshire_terrier,True,143,2016-01-11,3
686377065986265092,10,Birf,514,2042,German_shepherd,True,90,2016-01-11,2
686050296934563840,11,Flávio,665,2064,Pomeranian,True,133,2016-01-10,5
685973236358713344,11,Lorelei,477,1935,Siberian_husky,True,139,2016-01-09,23
685943807276412928,8,the,534,1497,papillon,True,140,2016-01-09,21
685906723014619143,9,Olive,2584,6881,Yorkshire_terrier,True,81,2016-01-09,19
685663452032069632,12,Brooks,1330,2970,Chesapeake_Bay_retriever,True,109,2016-01-09,3
685641971164143616,7,Otis,695,2688,Lakeland_terrier,True,108,2016-01-09,1
685321586178670592,10,Rocky,578,2436,Boston_bull,True,93,2016-01-08,4
685307451701334016,11,Petrick,395,1923,Pomeranian,True,140,2016-01-08,3
685268753634967552,10,Hubertson,1071,2832,pug,True,135,2016-01-08,1
685169283572338688,11,Gerbald,1273,3778,Bernese_mountain_dog,True,140,2016-01-07,18
684940049151070208,12,Oreo,944,2961,Border_collie,True,138,2016-01-07,3
684926975086034944,11,Bruiser,417,3215,Labrador_retriever,True,140,2016-01-07,2
684902183876321280,11,Perry,463,1717,Pembroke,True,137,2016-01-07,0
684800227459624960,11,Theodore,901,2511,miniature_schnauzer,True,139,2016-01-06,18
684481074559381504,10,Pippa,1069,3562,Chihuahua,True,140,2016-01-05,21
684460069371654144,10,Jeph,503,1810,Labrador_retriever,True,140,2016-01-05,19
684241637099323392,12,Obi,2945,7472,Pembroke,True,61,2016-01-05,5
684195085588783105,9,Tino,456,1757,Chihuahua,True,68,2016-01-05,2
684177701129875456,10,Kulet,592,1863,chow,True,124,2016-01-05,1
684097758874210310,10,Lupe,1296,3780,Labrador_retriever,True,90,2016-01-04,19
683857920510050305,10,Sadie,1020,3508,bluetick,True,136,2016-01-04,3
683852578183077888,10,Tiger,315,1789,toy_poodle,True,137,2016-01-04,3
683773439333797890,9,Buddy,1218,3065,miniature_pinscher,True,139,2016-01-03,22
683742671509258241,11,Sebastian,2995,5964,Pembroke,True,137,2016-01-03,20
683498322573824003,11,Griffin,872,2927,Airedale,True,137,2016-01-03,4
683481228088049664,11,Banjo,901,2439,keeshond,True,140,2016-01-03,2
683391852557561860,11,Jack,2173,7036,French_bulldog,True,133,2016-01-02,20
683142553609318400,9,Brandy,933,2641,Leonberg,True,138,2016-01-02,4
683111407806746624,10,Larry,816,3134,cocker_spaniel,True,121,2016-01-02,2
683030066213818368,10,Lulu,667,1996,boxer,True,138,2016-01-01,21
682750546109968385,9,Taco,398,1398,English_setter,True,139,2016-01-01,2
682662431982772225,11,Joey,987,2809,beagle,True,140,2015-12-31,20
682393905736888321,11,Kreg,595,2066,vizsla,True,104,2015-12-31,2
682389078323662849,9,Brody,423,1535,curly-coated_retriever,True,140,2015-12-31,2
682259524040966145,9,Jax,1077,3799,Siberian_husky,True,136,2015-12-30,17
682032003584274432,11,Ulysses,1789,6037,schipperke,True,93,2015-12-30,2
681981167097122816,12,Jimothy,916,2590,Labrador_retriever,True,136,2015-12-29,23
681891461017812993,10,Charlie,744,2269,Chihuahua,True,140,2015-12-29,17
681694085539872773,11,Bo,3681,11786,toy_poodle,True,139,2015-12-29,4
681654059175129088,12,Toffee,819,2413,Pomeranian,True,138,2015-12-29,1
681579835668455424,8,Apollo,1174,3247,Rottweiler,True,130,2015-12-28,20
681523177663676416,12,Carly,5192,13140,Norfolk_terrier,True,140,2015-12-28,17
681320187870711809,11,Glacier,671,2402,Samoyed,True,100,2015-12-28,3
681297372102656000,12,actually,853,2956,Lhasa,True,139,2015-12-28,2
681281657291280384,11,Sarge,993,2958,Saint_Bernard,True,140,2015-12-28,1
681261549936340994,9,Panda,235,1334,Tibetan_terrier,True,138,2015-12-27,23
681193455364796417,11,Aspen,1329,3404,Pomeranian,True,139,2015-12-27,19
680940246314430465,4,Alice,935,2915,soft-coated_wheaten_terrier,True,59,2015-12-27,2
680934982542561280,10,Sadie,391,1908,Labrador_retriever,True,140,2015-12-27,2
680913438424612864,11,Griswold,562,2206,Pomeranian,True,100,2015-12-27,0
680889648562991104,9,Cheesy,323,1604,Shetland_sheepdog,True,131,2015-12-26,23
680836378243002368,12,Ellie,1183,3177,Pembroke,True,89,2015-12-26,19
680609293079592961,9,Brody,624,2408,French_bulldog,True,123,2015-12-26,4
680497766108381184,12,Percy,1729,3881,Chihuahua,True,139,2015-12-25,21
680473011644985345,10,Hector,669,2339,Lakeland_terrier,True,115,2015-12-25,19
680161097740095489,12,Goliath,669,2130,bluetick,True,139,2015-12-24,23
680145970311643136,10,Kawhi,1557,3309,miniature_poodle,True,134,2015-12-24,22
680130881361686529,10,Reggie,854,2109,Maltese_dog,True,98,2015-12-24,21
680115823365742593,9,Ozzy,822,2491,pug,True,127,2015-12-24,20
679844490799091713,10,Willie,687,2186,Airedale,True,119,2015-12-24,2
679777920601223168,10,Rinna,996,2853,bloodhound,True,77,2015-12-23,21
679722016581222400,8,Mike,425,1536,boxer,True,131,2015-12-23,17
679530280114372609,7,a,1879,4356,dalmatian,True,140,2015-12-23,5
679511351870550016,7,William,1143,3064,Chihuahua,True,133,2015-12-23,3
679475951516934144,9,Evy,578,1914,Maltese_dog,True,73,2015-12-23,1
679462823135686656,11,Hurley,16946,29312,toy_poodle,True,134,2015-12-23,0
679158373988876288,11,Rubio,7218,19367,pug,True,66,2015-12-22,4
679132435750195208,10,Louis,1034,2698,Scottish_deerhound,True,131,2015-12-22,2
679111216690831360,12,officially,2306,5419,kelpie,True,79,2015-12-22,1
678969228704284672,11,Lola,408,1498,Labrador_retriever,True,140,2015-12-21,16
678798276842360832,7,Linda,1027,3152,Airedale,True,68,2015-12-21,4
678774928607469569,11,Tug,819,2570,Pembroke,True,126,2015-12-21,3
678764513869611008,10,Wilson,413,1478,Irish_terrier,True,130,2015-12-21,2
678755239630127104,10,Dash,2920,6458,malamute,True,133,2015-12-21,1
678643457146150913,10,Grizz,359,1873,Labrador_retriever,True,136,2015-12-20,18
678424312106393600,2,Crystal,2266,4988,Maltese_dog,True,140,2015-12-20,3
678410210315247616,10,Jerome,1607,3815,schipperke,True,122,2015-12-20,3
678389028614488064,11,Bella,380,1711,miniature_pinscher,True,115,2015-12-20,1
678334497360859136,10,Rosie,223,1180,Norfolk_terrier,True,134,2015-12-19,22
678255464182861824,9,Jessifer,327,1446,Chihuahua,True,140,2015-12-19,16
678021115718029313,12,Reese,5609,12339,miniature_pinscher,True,68,2015-12-19,1
677700003327029250,10,Ralph,1286,3109,Siberian_husky,True,73,2015-12-18,4
677698403548192770,9,Sadie,286,1115,Shih-Tzu,True,88,2015-12-18,3
677644091929329666,11,a,725,1710,Chihuahua,True,103,2015-12-18,0
677530072887205888,9,Axel,204,966,Staffordshire_bullterrier,True,136,2015-12-17,16
677331501395156992,9,Humphrey,207,987,beagle,True,139,2015-12-17,3
677314812125323265,10,Tassy,470,1496,Blenheim_spaniel,True,145,2015-12-17,2
677301033169788928,5,Juckson,354,1109,Japanese_spaniel,True,99,2015-12-17,1
677269281705472000,10,the,634,1794,Shetland_sheepdog,True,96,2015-12-16,23
676975532580409345,11,Cooper,949,2521,malamute,True,135,2015-12-16,4
676949632774234114,8,Tyrus,348,1184,Welsh_springer_spaniel,True,140,2015-12-16,2
676864501615042560,10,Ash,623,1887,Chesapeake_Bay_retriever,True,139,2015-12-15,20
676811746707918848,9,Penny,379,1301,Chihuahua,True,143,2015-12-15,17
676603393314578432,9,Godzilla,339,1035,whippet,True,144,2015-12-15,3
676588346097852417,5,Bubbles,698,2074,Boston_bull,True,140,2015-12-15,2
676496375194980353,9,Griffin,471,1372,pug,True,135,2015-12-14,20
676430933382295552,10,Duke,302,1262,golden_retriever,True,140,2015-12-14,15
676237365392908289,8,Winston,250,1092,French_bulldog,True,136,2015-12-14,3
676146341966438401,10,Bert,584,1749,Irish_water_spaniel,True,61,2015-12-13,21
676101918813499392,11,Striker,1048,2575,Shih-Tzu,True,69,2015-12-13,18
675891555769696257,6,Donny,761,1923,Italian_greyhound,True,139,2015-12-13,4
675845657354215424,10,Pepper,776,2045,pug,True,139,2015-12-13,1
675798442703122432,10,Bernie,3039,9292,beagle,True,88,2015-12-12,22
675781562965868544,11,Buddah,418,1454,Maltese_dog,True,78,2015-12-12,20
675710890956750848,12,Lenny,717,1685,standard_schnauzer,True,131,2015-12-12,16
675706639471788032,10,a,85,582,English_springer,True,140,2015-12-12,15
675534494439489536,11,a,361,1661,chow,True,112,2015-12-12,4
675531475945709568,10,Ellie,329,1063,Pembroke,True,140,2015-12-12,4
675522403582218240,10,Sammy,249,940,cocker_spaniel,True,134,2015-12-12,3
675497103322386432,11,Reggie,1131,2820,vizsla,True,136,2015-12-12,2
675362609739206656,12,Daisy,192,941,Labrador_retriever,True,131,2015-12-11,17
675111688094527488,8,Oliver,213,869,Labrador_retriever,True,137,2015-12-11,0
675109292475830276,9,a,996,2514,dalmatian,True,137,2015-12-11,0
675047298674663426,11,a,275,928,Samoyed,True,117,2015-12-10,20
675006312288268288,10,Mollie,200,879,boxer,True,134,2015-12-10,17
675003128568291329,12,Laela,406,1390,Pembroke,True,140,2015-12-10,17
674800520222154752,11,Tedders,747,2688,Pembroke,True,137,2015-12-10,3
674788554665512960,9,Maggie,181,719,miniature_poodle,True,128,2015-12-10,3
674774481756377088,11,Superpup,407,986,Chihuahua,True,139,2015-12-10,2
674743008475090944,10,Sophie,465,1260,Bernese_mountain_dog,True,98,2015-12-10,0
674737130913071104,10,Rufio,80,581,Pomeranian,True,144,2015-12-09,23
674670581682434048,9,Jeb,565,1448,malamute,True,143,2015-12-09,19
674468880899788800,13,Louis,1775,5548,chow,True,91,2015-12-09,6
674422304705744896,12,Ava,464,1280,golden_retriever,True,94,2015-12-09,2
674416750885273600,10,Jonah,115,612,Chihuahua,True,133,2015-12-09,2
674291837063053312,11,Kenny,5130,13149,Cardigan,True,92,2015-12-08,18
674269164442398721,8,Bob,202,824,pug,True,140,2015-12-08,16
674262580978937856,9,Gus,382,1176,Greater_Swiss_Mountain_dog,True,125,2015-12-08,16
674255168825880576,10,Bobbay,464,1299,Eskimo_dog,True,77,2015-12-08,15
674082852460433408,11,a,144,679,Pomeranian,True,94,2015-12-08,4
674075285688614912,11,Mitch,245,884,Airedale,True,121,2015-12-08,3
674053186244734976,10,Stanley,1126,2943,Cardigan,True,136,2015-12-08,2
674051556661161984,10,Lucy,431,1292,Shih-Tzu,True,109,2015-12-08,2
674038233588723717,12,Kaiya,366,974,Eskimo_dog,True,100,2015-12-08,1
674036086168010753,9,Daisy,180,756,toy_poodle,True,144,2015-12-08,1
674019345211760640,10,Acro,264,1011,collie,True,139,2015-12-08,0
674014384960745472,11,Aiden,559,1386,Pembroke,True,139,2015-12-07,23
673956914389192708,10,one,835,1747,pug,True,95,2015-12-07,20
673708611235921920,12,Riley,253,950,golden_retriever,True,111,2015-12-07,3
673707060090052608,10,Raymond,346,983,German_short-haired_pointer,True,116,2015-12-07,3
673705679337693185,8,Dot,358,1123,Shih-Tzu,True,131,2015-12-07,3
673688752737402881,9,Larry,438,1123,soft-coated_wheaten_terrier,True,83,2015-12-07,2
673686845050527744,11,George,377,1275,Pekinese,True,93,2015-12-07,2
673680198160809984,13,Shnuggles,414,1228,Samoyed,True,76,2015-12-07,1
673662677122719744,12,Kendall,327,1122,Labrador_retriever,True,75,2015-12-07,0
673656262056419329,10,Albert,198,650,bull_mastiff,True,140,2015-12-07,0
673612854080196609,7,Jeffri,630,1421,Newfoundland,True,135,2015-12-06,21
673359818736984064,8,Steve,592,1287,English_setter,True,118,2015-12-06,4
673355879178194945,11,Koda,491,1339,Rottweiler,True,134,2015-12-06,4
673350198937153538,9,Bella,184,683,West_Highland_white_terrier,True,117,2015-12-06,3
673320132811366400,11,Frankie,6869,11931,Samoyed,True,97,2015-12-06,1
673295268553605120,8,Eve,2743,6710,golden_retriever,True,140,2015-12-06,0
673270968295534593,11,Mac,312,953,Shih-Tzu,True,71,2015-12-05,22
673213039743795200,10,Dexter,724,1966,schipperke,True,72,2015-12-05,18
672997845381865473,12,Kenzie,630,1752,chow,True,118,2015-12-05,4
672995267319328768,8,Pumpkin,251,844,French_bulldog,True,120,2015-12-05,4
672988786805112832,10,Schnozz,253,870,Lakeland_terrier,True,130,2015-12-05,4
672975131468300288,10,Chuckles,775,1498,pug,True,94,2015-12-05,3
672968025906282496,11,Gustaf,469,1180,toy_poodle,True,130,2015-12-05,2
672964561327235073,10,Terry,557,1258,Chihuahua,True,138,2015-12-05,2
672877615439593473,8,Oscar,301,907,Chihuahua,True,123,2015-12-04,20
672834301050937345,10,Ed,502,1150,Pembroke,True,74,2015-12-04,17
672640509974827008,9,Leonidas,270,872,Chesapeake_Bay_retriever,True,89,2015-12-04,4
672604026190569472,11,a,335,966,toy_poodle,True,100,2015-12-04,2
672594978741354496,9,Scott,529,1177,Great_Pyrenees,True,137,2015-12-04,1
672591762242805761,10,Taz,284,837,kuvasz,True,59,2015-12-04,1
672488522314567680,10,Jackie,371,991,Doberman,True,134,2015-12-03,18
672482722825261057,10,light,518,988,West_Highland_white_terrier,True,106,2015-12-03,18
672481316919734272,12,Jazz,110,638,Border_collie,True,101,2015-12-03,18
672466075045466113,12,Franq,447,1192,cocker_spaniel,True,127,2015-12-03,17
672272411274932228,11,Pippin,2923,5699,pug,True,95,2015-12-03,4
672264251789176834,10,Kreg,285,1011,Chihuahua,True,123,2015-12-03,4
672254177670729728,11,Rolf,647,1273,pug,True,89,2015-12-03,3
672245253877968896,12,Snickers,131,607,Chihuahua,True,124,2015-12-03,2
672239279297454080,7,Ridley,275,804,pug,True,74,2015-12-03,2
672222792075620352,9,Cal,176,700,beagle,True,127,2015-12-03,1
672169685991993344,10,Bradley,318,909,cocker_spaniel,True,94,2015-12-02,21
672160042234327040,8,Bubba,304,764,pug,True,138,2015-12-02,21
672095186491711488,9,Tuco,328,873,pug,True,83,2015-12-02,16
672068090318987265,7,Gizmo,439,1132,pug,True,138,2015-12-02,15
671896809300709376,10,Lola,3667,7595,chow,True,104,2015-12-02,3
671891728106971137,11,Mojo,479,1168,Labrador_retriever,True,138,2015-12-02,3
671866342182637568,10,Dylan,418,991,Labrador_retriever,True,139,2015-12-02,1
671789708968640512,13,space,2992,6298,dalmatian,True,139,2015-12-01,20
671743150407421952,11,a,200,674,toy_poodle,True,136,2015-12-01,17
671561002136281088,13,the,6303,11369,Gordon_setter,True,144,2015-12-01,5
671542985629241344,10,JD,483,965,Shetland_sheepdog,True,140,2015-12-01,4
671536543010570240,9,Reginald,343,1035,pug,True,130,2015-12-01,3
671528761649688577,10,Jax,214,735,Doberman,True,130,2015-12-01,3
671520732782923777,10,Alejandro,454,1217,Pomeranian,True,78,2015-12-01,2
671518598289059840,9,Scruffers,252,828,Lakeland_terrier,True,137,2015-12-01,2
671504605491109889,11,Charlie,3114,6225,toy_poodle,True,92,2015-12-01,1
671486386088865792,10,Malcolm,172,507,German_shepherd,True,68,2015-12-01,0
671485057807351808,11,Penelope,195,678,Samoyed,True,139,2015-12-01,0
671355857343524864,10,Lou,104,420,miniature_poodle,True,135,2015-11-30,15
671186162933985280,10,Sparky,176,639,Chihuahua,True,98,2015-11-30,4
671154572044468225,11,Holly,186,623,Labrador_retriever,True,143,2015-11-30,2
671147085991960577,9,a,191,582,Yorkshire_terrier,True,140,2015-11-30,2
671134062904504320,8,Clarence,162,653,Shih-Tzu,True,140,2015-11-30,1
671115716440031232,6,Phred,669,1212,malinois,True,140,2015-11-29,23
671109016219725825,8,Toby,377,1003,basenji,True,135,2015-11-29,23
670840546554966016,10,Colby,165,522,Shih-Tzu,True,139,2015-11-29,5
670833812859932673,7,Jett,109,381,Pekinese,True,71,2015-11-29,5
670832455012716544,10,Amy,184,645,malinois,True,86,2015-11-29,5
670823764196741120,12,Remington,159,674,Labrador_retriever,True,65,2015-11-29,4
670815497391357952,10,Sage,1313,2773,American_Staffordshire_terrier,True,66,2015-11-29,4
670811965569282048,10,Maggie,230,983,basset,True,123,2015-11-29,3
670807719151067136,11,Andy,425,1050,Old_English_sheepdog,True,143,2015-11-29,3
670804601705242624,10,Mason,815,1736,Pomeranian,True,140,2015-11-29,3
670797304698376195,11,Trigger,203,658,Pembroke,True,140,2015-11-29,2
670780561024270336,7,Traviss,249,698,Labrador_retriever,True,136,2015-11-29,1
670764103623966721,10,Vincent,371,957,Norfolk_terrier,True,134,2015-11-29,0
670755717859713024,9,Gin,87,391,keeshond,True,120,2015-11-29,0
670704688707301377,6,Danny,318,686,Norwich_terrier,True,135,2015-11-28,20
670691627984359425,8,Ester,208,517,Shetland_sheepdog,True,123,2015-11-28,19
670679630144274432,8,Pluto,240,662,Ibizan_hound,True,139,2015-11-28,19
670676092097810432,8,Bloo,35,214,Dandie_Dinmont,True,116,2015-11-28,18
670444955656130560,10,Paull,1738,6046,English_springer,True,88,2015-11-28,3
670442337873600512,11,Koda,175,579,Sussex_spaniel,True,124,2015-11-28,3
670428280563085312,11,Willy,520,1228,chow,True,64,2015-11-28,2
670421925039075328,12,Herb,549,1140,Chihuahua,True,40,2015-11-28,2
670411370698022913,12,Scooter,766,1791,Maltese_dog,True,109,2015-11-28,1
670403879788544000,10,Nigel,128,375,pug,True,139,2015-11-28,0
670385711116361728,8,Larry,173,489,whippet,True,140,2015-11-27,23
670374371102445568,12,Daisy,236,668,English_springer,True,140,2015-11-27,22
670338931251150849,10,Butters,96,373,cairn,True,103,2015-11-27,20
670303360680108032,9,a,107,382,Shetland_sheepdog,True,138,2015-11-27,18
670290420111441920,11,Sandra,249,622,Chihuahua,True,110,2015-11-27,17
670093938074779648,9,Wally,276,907,toy_poodle,True,133,2015-11-27,4
670073503555706880,10,Winston,677,1384,malamute,True,112,2015-11-27,2
670061506722140161,11,Liam,289,664,Italian_greyhound,True,140,2015-11-27,2
670046952931721218,11,Ben,151,575,Blenheim_spaniel,True,144,2015-11-27,1
670003130994700288,10,Raphael,77,295,beagle,True,133,2015-11-26,22
669970042633789440,10,Julio,43,271,miniature_pinscher,True,139,2015-11-26,20
669942763794931712,11,Andru,131,444,vizsla,True,139,2015-11-26,18
669753178989142016,10,Chester,340,705,Pembroke,True,124,2015-11-26,5
669683899023405056,10,Kloey,93,338,Pomeranian,True,70,2015-11-26,1
669680153564442624,8,Shawwn,241,584,dalmatian,True,139,2015-11-26,0
669597912108789760,10,Skye,131,446,Eskimo_dog,True,140,2015-11-25,19
669573570759163904,10,Linda,120,388,West_Highland_white_terrier,True,122,2015-11-25,17
669567591774625800,9,Kollin,45,202,Chihuahua,True,139,2015-11-25,17
669564461267722241,10,a,104,335,toy_poodle,True,138,2015-11-25,17
669393256313184256,10,Ronduh,62,312,cocker_spaniel,True,133,2015-11-25,5
669375718304980992,6,Billl,626,1172,Airedale,True,111,2015-11-25,4
669371483794317312,10,Oliviér,148,435,Brabancon_griffon,True,139,2015-11-25,4
669367896104181761,10,Chip,129,404,basset,True,92,2015-11-25,4
669359674819481600,11,Saydee,103,329,Labrador_retriever,True,139,2015-11-25,3
669354382627049472,8,Dug,1091,2378,Chihuahua,True,64,2015-11-25,3
669328503091937280,12,Kirk,364,903,Siberian_husky,True,120,2015-11-25,1
669216679721873412,8,Clarq,346,1053,golden_retriever,True,137,2015-11-24,18
669203728096960512,9,Samsom,406,885,pug,True,120,2015-11-24,17
669006782128353280,12,Tucker,209,509,Chihuahua,True,110,2015-11-24,4
669000397445533696,11,Terrance,5502,18640,Pembroke,True,133,2015-11-24,3
668989615043424256,3,Bernie,288,593,pug,True,140,2015-11-24,3
668979806671884288,12,Chaz,292,700,golden_retriever,True,139,2015-11-24,2
668975677807423489,11,Jeremy,495,1151,basset,True,134,2015-11-24,2
668955713004314625,10,a,63,241,cocker_spaniel,True,140,2015-11-24,0
668932921458302977,9,Herald,50,227,standard_poodle,True,140,2015-11-23,23
668902994700836864,11,Lambeau,87,275,Brittany_spaniel,True,125,2015-11-23,21
668892474547511297,11,Ruffles,126,354,kelpie,True,139,2015-11-23,20
668852170888998912,11,Bobb,139,409,golden_retriever,True,144,2015-11-23,18
668826086256599040,10,Banditt,112,381,malinois,True,139,2015-11-23,16
668815180734689280,7,a,225,491,redbone,True,137,2015-11-23,15
668779399630725120,10,Kevon,325,627,Chesapeake_Bay_retriever,True,123,2015-11-23,13
668655139528511488,11,Winifred,187,468,beagle,True,112,2015-11-23,4
668636665813057536,10,an,435,915,komondor,True,139,2015-11-23,3
668633411083464705,10,Churlie,1376,2454,Pekinese,True,63,2015-11-23,3
668631377374486528,5,Zeek,280,616,miniature_schnauzer,True,135,2015-11-23,3
668627278264475648,9,Timofy,97,281,French_bulldog,True,144,2015-11-23,3
668623201287675904,10,Jomathan,653,1242,Chihuahua,True,97,2015-11-23,2
668567822092664832,11,Marvin,46,206,Shih-Tzu,True,82,2015-11-22,23
668537837512433665,8,Spark,61,226,Lakeland_terrier,True,144,2015-11-22,21
668528771708952576,12,Gòrdón,189,402,Labrador_retriever,True,139,2015-11-22,20
668507509523615744,10,a,87,277,basenji,True,138,2015-11-22,19
668496999348633600,8,Jo,114,358,Staffordshire_bullterrier,True,139,2015-11-22,18
668286279830867968,11,Rusty,116,434,golden_retriever,True,137,2015-11-22,4
668274247790391296,10,Sophie,196,719,soft-coated_wheaten_terrier,True,140,2015-11-22,3
668248472370458624,8,Bisquick,406,838,Chihuahua,True,132,2015-11-22,2
668237644992782336,10,Torque,2412,5427,chow,True,140,2015-11-22,1
668204964695683073,8,Ron,171,487,Labrador_retriever,True,99,2015-11-21,23
668190681446379520,12,Skittles,171,576,Blenheim_spaniel,True,111,2015-11-21,22
668171859951755264,7,a,162,424,Chihuahua,True,129,2015-11-21,20
668113020489474048,6,Alfie,207,580,Pembroke,True,132,2015-11-21,17
667924896115245057,9,Jiminy,95,263,Labrador_retriever,True,139,2015-11-21,4
667902449697558528,9,Cleopatricia,334,755,Norwegian_elkhound,True,137,2015-11-21,3
667886921285246976,11,Erik,906,1643,Pomeranian,True,139,2015-11-21,2
667885044254572545,10,Stu,398,728,malamute,True,117,2015-11-21,1
667861340749471744,9,a,69,222,malamute,True,140,2015-11-21,0
667773195014021121,8,a,44,204,West_Highland_white_terrier,True,136,2015-11-20,18
667728196545200128,11,Olive,126,324,kuvasz,True,140,2015-11-20,15
667546741521195010,9,George,106,303,toy_poodle,True,140,2015-11-20,3
667544320556335104,10,Kial,456,760,Pomeranian,True,139,2015-11-20,3
667538891197542400,9,a,58,174,Yorkshire_terrier,True,117,2015-11-20,3
667534815156183040,8,Frank,443,715,Pembroke,True,140,2015-11-20,2
667530908589760512,10,Naphaniel,206,410,golden_retriever,True,113,2015-11-20,2
667517642048163840,8,Dook,165,332,Italian_greyhound,True,143,2015-11-20,1
667502640335572993,11,Hall,193,485,Labrador_retriever,True,140,2015-11-20,0
667495797102141441,9,Philippe,231,456,Chihuahua,True,140,2015-11-20,0
667470559035432960,11,a,85,225,toy_poodle,True,138,2015-11-19,22
667455448082227200,7,Reese,53,171,Tibetan_terrier,True,137,2015-11-19,21
667453023279554560,11,Cupcake,73,279,Labrador_retriever,True,86,2015-11-19,21
667405339315146752,7,Biden,196,409,Saint_Bernard,True,65,2015-11-19,18
667393430834667520,8,Fwed,50,168,papillon,True,132,2015-11-19,17
667211855547486208,9,Genevieve,209,426,golden_retriever,True,133,2015-11-19,5
667200525029539841,11,Joshwa,227,544,Siberian_husky,True,139,2015-11-19,4
667182792070062081,10,Timison,5254,12493,golden_retriever,True,137,2015-11-19,3
667177989038297088,8,a,48,166,vizsla,True,134,2015-11-19,3
667174963120574464,9,Clarence,69,218,toy_poodle,True,131,2015-11-19,2
667171260800061440,10,Kenneth,72,186,giant_schnauzer,True,75,2015-11-19,2
667165590075940865,10,Churlie,965,2376,miniature_pinscher,True,135,2015-11-19,2
667160273090932737,11,Bradlay,50,219,golden_retriever,True,138,2015-11-19,1
667152164079423490,12,Pipsy,14567,42135,toy_poodle,True,143,2015-11-19,1
667119796878725120,10,Gabe,106,283,Pembroke,True,135,2015-11-18,23
667090893657276420,7,Clybe,105,286,Chihuahua,True,140,2015-11-18,21
667073648344346624,10,Dave,103,351,Chihuahua,True,106,2015-11-18,20
667062181243039745,10,Keet,45,191,Chesapeake_Bay_retriever,True,132,2015-11-18,19
666817836334096384,9,Jeph,209,442,miniature_schnauzer,True,137,2015-11-18,3
666804364988780544,8,Jockson,78,205,English_setter,True,135,2015-11-18,2
666781792255496192,10,a,168,325,Italian_greyhound,True,107,2015-11-18,0
666739327293083650,10,Lugan,59,206,miniature_poodle,True,140,2015-11-17,22
666701168228331520,8,a,182,371,Labrador_retriever,True,139,2015-11-17,19
666691418707132416,8,Christoper,42,158,German_shepherd,True,99,2015-11-17,18
666644823164719104,9,Jimothy,69,208,Ibizan_hound,True,140,2015-11-17,15
666454714377183233,10,Kreggory,179,447,dalmatian,True,96,2015-11-17,3
666447344410484738,9,Scout,19,90,curly-coated_retriever,True,119,2015-11-17,2
666418789513326592,10,Walter,39,107,toy_terrier,True,138,2015-11-17,0
666407126856765440,7,a,30,93,black-and-tan_coonhound,True,139,2015-11-17,0
666287406224695296,1,an,56,123,Maltese_dog,True,136,2015-11-16,16
666063827256086533,10,the,180,394,golden_retriever,True,107,2015-11-16,1
666058600524156928,8,the,47,99,miniature_poodle,True,135,2015-11-16,1
666055525042405380,10,a,196,367,chow,True,140,2015-11-16,0
666050758794694657,10,a,50,115,Bernese_mountain_dog,True,140,2015-11-16,0
666044226329800704,6,a,115,245,Rhodesian_ridgeback,True,137,2015-11-16,0
666033412701032449,9,a,36,100,German_shepherd,True,130,2015-11-15,23
666029285002620928,7,a,39,112,redbone,True,139,2015-11-15,23
